Draw Date,No1,No2,No3,No4,No5,No6,Bonus,
6/12/82,3,11,12,14,41,43,13,
6/19/82,8,33,36,37,39,41,9,
6/26/82,1,6,23,24,27,39,34,
7/3/82,3,9,10,13,20,43,34,
7/10/82,5,14,21,31,34,47,45,
7/17/82,8,20,21,25,31,41,33,
7/24/82,18,25,28,33,36,42,7,
7/31/82,7,16,17,31,40,48,26,
8/7/82,5,10,23,27,37,38,33,
8/14/82,4,15,30,37,46,48,3,
8/21/82,7,9,21,33,38,42,45,
8/28/82,11,17,19,20,36,43,9,
9/4/82,7,14,17,20,37,47,34,
9/11/82,25,28,29,30,35,44,3
9/18/82,8,18,36,39,41,47,31
9/25/82,9,12,13,14,44,48,18
10/2/82,4,14,18,40,43,44,5
10/9/82,13,16,18,34,35,36,26
10/16/82,11,23,25,28,29,36,27
10/23/82,7,18,23,25,37,45,39
10/30/82,11,18,19,31,37,45,41
11/6/82,8,14,16,18,31,48,45
11/13/82,4,11,23,24,25,45,41
11/20/82,3,4,19,33,34,48,39
11/27/82,5,17,21,28,30,43,36
12/4/82,6,17,24,36,38,46,29
12/11/82,4,9,10,11,43,46,3
12/18/82,7,13,23,32,33,45,36
12/25/82,11,18,22,28,35,37,42
1/1/83,25,26,31,35,45,48,12
1/8/83,11,19,25,31,32,36,44
1/15/83,8,34,37,39,41,47,18
1/22/83,5,10,30,35,36,45,13
1/29/83,8,22,26,27,34,42,14
2/5/83,3,5,6,33,38,39,8
2/12/83,10,14,25,31,44,47,17
2/19/83,11,13,15,16,24,31,9
2/26/83,11,12,19,25,29,44,48
3/5/83,2,7,21,22,30,33,3
3/12/83,11,15,25,38,41,43,37
3/19/83,2,10,11,31,43,49,29
3/26/83,21,24,25,32,39,49,40
4/2/83,4,10,23,38,41,46,43
4/9/83,20,24,28,35,42,46,27
4/16/83,1,3,19,31,32,47,37
4/23/83,3,17,20,30,35,48,26
4/30/83,18,26,29,35,36,49,25
5/7/83,2,13,41,42,44,47,12
5/14/83,7,10,11,16,28,40,6
5/21/83,6,7,10,32,36,38,46
5/28/83,2,29,31,40,45,48,41
6/4/83,4,14,24,31,33,35,29
6/11/83,7,19,26,28,45,49,34
6/18/83,9,19,28,36,45,46,3
6/25/83,4,11,14,20,26,30,39
7/2/83,5,9,27,39,40,43,17
7/9/83,16,19,22,29,44,48,31
7/16/83,11,14,18,31,35,49,42
7/23/83,22,23,25,26,35,41,39
7/30/83,3,6,7,33,34,36,15
8/6/83,9,11,27,28,37,46,29
8/13/83,1,2,8,23,46,48,20
8/20/83,9,12,20,21,37,43,49
8/27/83,9,16,18,20,26,43,38
9/3/83,1,6,13,15,22,27,10
9/10/83,23,30,32,33,35,44,2
9/17/83,9,21,22,29,48,49,28
9/24/83,1,6,15,34,42,44,49
10/1/83,1,15,20,22,24,49,40
10/8/83,13,23,37,43,48,49,27
10/15/83,2,3,23,26,27,40,4
10/22/83,8,14,25,32,34,35,16
10/29/83,1,5,7,8,11,13,3
11/5/83,18,20,23,26,33,49,31
11/12/83,1,2,7,13,22,31,5
11/19/83,4,14,16,30,33,38,22
11/26/83,3,12,16,21,33,49,44
12/3/83,3,5,19,26,32,43,30
12/10/83,1,14,22,25,40,42,19
12/17/83,7,9,20,28,35,41,16
12/24/83,1,2,13,21,42,48,7
12/31/83,7,22,25,27,30,35,45
1/7/84,1,7,14,31,41,43,12
1/14/84,2,12,29,31,44,46,40
1/21/84,1,5,14,24,25,38,27
1/28/84,15,24,27,32,34,49,25
2/4/84,20,26,28,30,45,48,25
2/11/84,22,29,36,44,46,47,24
2/18/84,4,12,16,31,44,48,41
2/25/84,23,27,40,43,44,47,33
3/3/84,13,26,27,38,46,47,6
3/10/84,2,17,41,42,44,47,29
3/17/84,6,26,28,36,37,48,23
3/24/84,8,27,28,29,43,44,15
3/31/84,12,19,22,23,29,36,25
4/7/84,13,27,35,38,44,47,21
4/14/84,3,12,31,33,45,49,6
4/21/84,8,13,16,18,19,49,11
4/28/84,16,24,25,28,32,44,2
5/5/84,1,5,6,18,31,35,3
5/12/84,6,16,19,20,25,43,40
5/19/84,1,4,14,17,21,26,31
5/26/84,1,3,40,43,45,46,7
6/2/84,9,16,31,38,43,45,5
6/9/84,6,17,29,32,39,40,47
6/16/84,26,27,37,41,43,45,13
6/23/84,7,16,28,34,45,47,23
6/30/84,13,15,27,28,40,48,30
7/7/84,6,11,20,23,25,35,37
7/14/84,6,16,26,28,41,49,34
7/21/84,2,7,34,36,37,40,15
7/28/84,2,5,29,35,37,38,39
8/4/84,1,10,18,27,35,38,30
8/11/84,5,6,10,20,40,43,26
8/18/84,12,13,15,35,38,39,4
8/25/84,5,11,12,16,24,28,34
9/1/84,3,24,27,33,41,44,4
9/8/84,23,25,29,38,39,43,17
9/15/84,7,8,10,15,31,37,43
9/22/84,4,11,12,16,36,43,30
9/29/84,21,22,29,36,38,41,20
10/6/84,5,10,26,31,37,44,7
10/13/84,3,14,24,31,35,46,17
10/20/84,5,10,11,28,41,44,19
10/27/84,1,16,25,36,39,42,5
11/3/84,6,7,17,21,43,49,8
11/10/84,20,22,27,34,44,48,41
11/17/84,8,35,44,46,48,49,22
11/24/84,5,30,34,36,43,49,17
12/1/84,3,14,18,25,36,45,30
12/8/84,7,13,24,31,39,40,8
12/15/84,9,12,16,20,36,39,4
12/22/84,6,18,21,31,35,48,9
12/29/84,16,19,27,30,44,45,11
1/5/85,7,17,18,24,29,48,34
1/12/85,9,34,38,39,43,44,1
1/19/85,7,24,35,37,45,47,23
1/26/85,6,30,33,39,41,49,47
2/2/85,5,18,22,23,25,26,2
2/9/85,2,5,21,24,29,46,25
2/16/85,3,7,15,24,38,41,29
2/23/85,1,2,7,9,20,43,33
3/2/85,17,19,27,30,36,43,1
3/9/85,6,7,8,35,36,43,33
3/16/85,3,6,18,21,33,34,49
3/23/85,14,23,31,33,35,47,18
3/30/85,8,16,20,30,31,48,12
4/6/85,8,21,27,34,41,46,31
4/13/85,7,20,24,46,48,49,41
4/20/85,4,8,14,21,30,49,13
4/27/85,4,14,27,37,40,44,46
5/4/85,1,2,5,7,40,44,35
5/11/85,6,15,20,22,26,46,21
5/18/85,19,21,32,39,43,45,20
5/25/85,9,12,24,30,31,47,39
6/1/85,13,16,19,24,33,48,17
6/8/85,9,11,19,27,30,46,12
6/15/85,4,21,23,27,45,47,14
6/22/85,1,7,15,20,31,45,22
6/29/85,2,10,39,46,47,48,35
7/6/85,5,24,26,36,41,45,35
7/13/85,4,5,10,22,30,35,18
7/20/85,7,9,11,16,43,46,34
7/27/85,3,8,21,24,30,42,19
8/3/85,2,8,9,18,31,42,32
8/10/85,7,11,14,18,34,45,44
8/17/85,4,21,32,38,43,45,41
8/24/85,6,19,22,27,36,40,3
8/31/85,3,9,13,15,27,30,42
9/7/85,30,32,35,40,43,44,23
9/11/85,4,9,14,15,44,45,32
9/14/85,11,23,43,46,47,49,1
9/18/85,8,12,19,33,41,45,24
9/21/85,3,11,16,20,21,24,44
9/25/85,5,9,12,33,45,47,32
9/28/85,7,9,21,28,29,35,10
10/2/85,1,26,33,34,38,46,31
10/5/85,4,6,22,27,31,33,45
10/9/85,7,8,11,19,25,39,3
10/12/85,3,6,13,18,31,40,10
10/16/85,1,3,8,18,35,47,30
10/19/85,22,27,30,39,41,44,38
10/23/85,1,6,11,27,33,41,9
10/26/85,16,26,32,35,43,46,40
10/30/85,19,24,32,36,38,41,47
11/2/85,11,19,25,26,36,45,6
11/6/85,16,20,26,34,38,47,27
11/9/85,9,11,13,29,36,45,12
11/13/85,5,9,23,28,40,46,49
11/16/85,4,13,18,23,24,40,45
11/20/85,31,32,36,38,39,44,20
11/23/85,2,7,12,27,29,44,21
11/27/85,19,24,26,34,41,43,27
11/30/85,4,17,19,25,32,39,2
12/4/85,4,5,20,29,31,47,1
12/7/85,4,26,29,34,39,40,18
12/11/85,9,19,20,32,33,37,39
12/14/85,9,10,17,21,38,48,30
12/18/85,1,7,19,36,42,49,45
12/21/85,6,9,14,26,36,46,42
12/25/85,1,7,11,14,19,38,32
12/28/85,17,21,22,25,39,47,44
1/1/86,3,6,18,31,38,49,42
1/4/86,6,20,23,29,32,37,18
1/8/86,9,10,12,18,32,48,31
1/11/86,4,12,21,40,42,45,2
1/15/86,1,10,13,19,25,33,45
1/18/86,11,17,23,26,30,34,4
1/22/86,2,19,26,27,44,47,8
1/25/86,24,26,29,40,44,46,16
1/29/86,3,9,11,37,45,46,6
2/1/86,4,5,9,19,29,31,45
2/5/86,6,26,29,31,32,41,36
2/8/86,2,5,7,36,38,42,32
2/12/86,1,12,15,19,22,30,36
2/15/86,20,22,30,43,46,48,44
2/19/86,5,17,23,35,45,48,39
2/22/86,9,16,19,25,34,36,23
2/26/86,11,15,26,33,40,49,38
3/1/86,7,12,13,14,35,43,20
3/5/86,1,7,17,28,41,45,39
3/8/86,7,24,28,31,37,43,41
3/12/86,9,10,20,22,41,42,23
3/15/86,8,9,34,41,44,47,21
3/19/86,19,25,34,40,42,46,18
3/22/86,5,8,17,20,21,42,44
3/26/86,2,4,25,28,38,46,9
3/29/86,15,22,28,29,42,46,36
4/2/86,5,10,17,21,31,36,40
4/5/86,18,29,32,34,35,46,2
4/9/86,5,19,22,30,39,45,48
4/12/86,17,18,23,32,36,39,10
4/16/86,9,28,29,32,41,49,33
4/19/86,7,17,26,28,42,48,43
4/23/86,4,5,7,25,38,42,43
4/26/86,8,10,24,27,35,43,22
4/30/86,2,9,13,18,20,29,42
5/3/86,12,18,30,38,39,47,6
5/7/86,9,16,22,40,42,47,15
5/10/86,4,10,17,26,39,47,19
5/14/86,8,16,19,26,33,45,10
5/17/86,1,25,34,41,44,49,37
5/21/86,20,25,36,39,43,45,26
5/24/86,2,21,26,28,41,49,5
5/28/86,3,18,21,31,34,37,48
5/31/86,8,16,17,37,40,41,19
6/4/86,3,4,5,14,17,31,37
6/7/86,3,16,21,41,45,46,49
6/11/86,5,14,24,27,36,43,26
6/14/86,3,21,29,37,40,47,30
6/18/86,2,14,18,28,32,43,31
6/21/86,1,8,10,34,42,45,14
6/25/86,1,5,15,33,35,47,24
6/28/86,1,4,20,33,34,37,38
7/2/86,5,16,18,31,46,49,42
7/5/86,7,10,12,32,44,48,21
7/9/86,16,24,25,36,44,45,18
7/12/86,7,17,20,30,33,43,39
7/16/86,7,17,29,31,38,47,27
7/19/86,7,25,28,32,37,43,16
7/23/86,3,13,17,24,32,35,47
7/26/86,3,14,29,34,46,49,48
7/30/86,3,26,39,44,48,49,13
8/2/86,8,14,21,24,38,47,23
8/6/86,1,5,7,10,23,40,47
8/9/86,5,8,14,21,33,34,10
8/13/86,4,5,34,35,40,43,15
8/16/86,14,25,35,40,41,43,12
8/20/86,6,7,9,21,38,43,45
8/23/86,1,4,19,31,45,47,36
8/27/86,7,11,18,33,38,40,32
8/30/86,4,11,25,32,45,46,10
9/3/86,20,27,41,44,47,49,34
9/6/86,8,9,19,35,39,48,20
9/10/86,3,13,18,22,42,43,46
9/13/86,10,14,16,43,44,49,29
9/17/86,9,21,30,32,39,41,27
9/20/86,8,9,11,15,19,25,10
9/24/86,2,12,38,40,42,48,45
9/27/86,4,5,11,19,34,38,27
10/1/86,2,17,24,30,34,39,18
10/4/86,8,14,16,24,26,38,21
10/8/86,3,17,20,22,24,49,25
10/11/86,7,12,26,33,37,48,21
10/15/86,10,21,24,25,39,49,23
10/18/86,8,29,32,39,43,45,49
10/22/86,3,16,34,36,45,48,13
10/25/86,1,3,16,41,42,46,31
10/29/86,13,17,21,22,24,46,27
11/1/86,19,22,24,36,38,41,33
11/5/86,23,25,26,27,38,46,4
11/8/86,2,3,6,11,31,42,1
11/12/86,1,17,26,33,36,43,30
11/15/86,4,23,24,34,39,47,45
11/19/86,2,7,8,22,34,47,3
11/22/86,5,13,18,32,34,39,21
11/26/86,14,20,22,26,35,44,40
11/29/86,2,4,6,21,27,42,17
12/3/86,4,15,25,31,33,47,26
12/6/86,6,8,24,37,45,48,11
12/10/86,14,23,25,30,33,35,17
12/13/86,3,6,7,14,27,43,33
12/17/86,16,21,25,35,37,40,44
12/20/86,7,14,16,34,46,48,49
12/24/86,1,10,19,24,37,41,48
12/27/86,3,15,16,20,26,34,32
12/31/86,8,11,16,20,27,44,36
1/3/87,3,11,16,23,47,49,25
1/7/87,1,3,29,35,37,47,45
1/10/87,7,9,17,18,26,35,46
1/14/87,4,21,23,33,34,36,31
1/17/87,7,15,16,18,31,44,46
1/21/87,2,11,19,34,42,44,49
1/24/87,12,16,20,27,41,42,37
1/28/87,15,18,27,44,46,47,33
1/31/87,6,12,15,24,36,49,48
2/4/87,2,15,21,42,47,49,41
2/7/87,14,15,16,31,32,39,5
2/11/87,11,12,29,33,43,46,22
2/14/87,12,15,16,25,29,37,13
2/18/87,2,10,20,26,35,48,16
2/21/87,9,16,21,27,40,44,11
2/25/87,2,5,24,25,36,46,23
2/28/87,2,11,16,23,29,45,37
3/4/87,6,17,24,26,31,32,37
3/7/87,11,16,22,25,34,37,5
3/11/87,1,21,24,27,30,37,39
3/14/87,2,4,12,30,35,46,34
3/18/87,2,18,22,30,31,33,12
3/21/87,1,15,22,38,42,45,18
3/25/87,3,5,6,11,20,44,48
3/28/87,13,16,40,41,47,48,5
4/1/87,4,28,38,39,43,45,44
4/4/87,2,8,29,32,40,47,5
4/8/87,14,16,18,29,31,35,33
4/11/87,18,25,27,28,40,46,11
4/15/87,15,26,29,34,46,47,37
4/18/87,9,10,11,21,28,37,33
4/22/87,27,31,33,34,39,46,44
4/25/87,1,27,29,34,42,48,33
4/29/87,5,7,10,20,37,38,27
5/2/87,9,11,15,21,32,42,35
5/6/87,5,16,19,25,46,48,38
5/9/87,3,9,32,38,40,47,49
5/13/87,1,5,21,36,44,45,22
5/16/87,1,9,16,17,38,42,30
5/20/87,6,8,10,18,22,45,1
5/23/87,1,27,34,40,41,44,35
5/27/87,16,18,21,23,34,38,32
5/30/87,3,12,18,22,31,36,37
6/3/87,4,7,11,35,40,41,10
6/6/87,4,10,19,32,39,41,36
6/10/87,6,8,15,17,20,23,45
6/13/87,8,16,29,32,40,46,28
6/17/87,10,17,24,34,37,41,33
6/20/87,5,20,22,25,36,48,9
6/24/87,3,15,40,41,43,47,38
6/27/87,1,15,31,32,37,42,38
7/1/87,3,12,15,18,21,33,5
7/4/87,4,19,26,32,44,46,36
7/8/87,5,13,14,18,37,40,16
7/11/87,10,24,28,33,38,46,43
7/15/87,4,17,29,38,39,45,31
7/18/87,3,8,40,46,47,48,43
7/22/87,1,8,26,32,43,49,35
7/25/87,2,11,22,23,32,40,47
7/29/87,10,26,31,36,39,46,2
8/1/87,1,4,20,28,44,47,21
8/5/87,17,29,32,41,42,43,37
8/8/87,14,18,26,39,41,49,38
8/12/87,1,4,13,16,30,31,36
8/15/87,10,14,21,31,34,49,44
8/19/87,4,17,19,30,41,44,38
8/22/87,19,23,27,28,35,49,12
8/26/87,3,8,28,32,36,48,29
8/29/87,1,15,16,26,29,37,9
9/2/87,11,13,17,20,45,49,22
9/5/87,8,11,15,31,32,33,35
9/9/87,15,23,35,38,46,47,13
9/12/87,4,22,23,28,29,36,38
9/16/87,3,4,6,15,35,40,45
9/19/87,3,7,21,24,29,48,28
9/23/87,4,8,10,16,22,41,7
9/26/87,21,22,28,36,41,49,23
9/30/87,4,9,10,11,28,30,32
10/3/87,14,18,23,25,28,30,36
10/7/87,3,4,6,13,14,48,40
10/10/87,8,9,17,28,33,36,10
10/14/87,16,20,25,32,33,42,31
10/17/87,4,14,15,23,40,49,2
10/21/87,1,3,5,14,27,44,10
10/24/87,3,24,25,38,39,44,36
10/28/87,7,18,27,30,39,40,32
10/31/87,9,16,17,24,35,41,10
11/4/87,3,4,7,8,16,34,26
11/7/87,6,16,26,30,32,43,19
11/11/87,10,17,18,37,39,43,2
11/14/87,1,13,19,32,33,38,47
11/18/87,18,36,40,43,45,49,33
11/21/87,1,7,11,12,29,39,16
11/25/87,13,26,33,45,46,49,10
11/28/87,4,8,9,24,43,47,17
12/2/87,15,22,30,35,37,49,26
12/5/87,1,5,25,30,31,48,23
12/9/87,20,29,33,39,41,48,7
12/12/87,2,9,11,31,37,40,41
12/16/87,12,25,37,41,42,48,1
12/19/87,12,13,18,22,32,33,19
12/23/87,16,29,30,39,43,44,31
12/26/87,1,17,26,37,39,49,46
12/30/87,1,13,17,18,45,48,49
1/2/88,17,20,31,38,39,49,34
1/6/88,8,13,22,23,26,47,42
1/9/88,16,17,23,28,32,45,34
1/13/88,7,19,29,38,43,45,37
1/16/88,8,27,29,36,37,39,47
1/20/88,3,8,12,23,30,43,31
1/23/88,3,12,19,35,47,49,22
1/27/88,2,4,23,36,44,49,22
1/30/88,5,18,21,25,44,47,10
2/3/88,5,29,30,33,41,49,1
2/6/88,4,7,8,12,42,43,49
2/10/88,8,18,33,37,40,42,44
2/13/88,10,11,12,24,25,36,9
2/17/88,5,14,23,27,36,37,28
2/20/88,10,18,27,28,42,48,17
2/24/88,7,10,15,20,27,29,30
2/27/88,3,4,16,18,25,43,47
3/2/88,8,10,26,34,42,44,33
3/5/88,11,13,14,24,40,48,45
3/9/88,4,10,18,19,37,40,41
3/12/88,1,26,36,42,44,46,20
3/16/88,1,16,19,35,39,40,11
3/19/88,10,28,31,34,39,47,49
3/23/88,3,8,29,31,43,48,11
3/26/88,27,30,31,33,38,42,28
3/30/88,9,12,19,35,36,44,48
4/2/88,6,10,21,30,36,49,40
4/6/88,10,19,24,31,39,47,32
4/9/88,6,12,18,24,32,35,22
4/13/88,9,17,19,28,40,46,15
4/16/88,18,21,30,39,40,49,15
4/20/88,1,2,7,11,34,43,5
4/23/88,5,14,18,24,42,49,6
4/27/88,17,33,38,39,46,49,1
4/30/88,1,12,20,23,31,49,11
5/4/88,2,5,9,23,38,43,3
5/7/88,1,14,27,37,39,42,30
5/11/88,12,14,17,21,23,29,3
5/14/88,2,6,20,34,39,44,37
5/18/88,4,5,6,13,24,31,44
5/21/88,3,7,15,19,31,34,43
5/25/88,2,13,28,40,41,43,36
5/28/88,2,5,28,31,42,45,9
6/1/88,2,20,24,34,43,49,41
6/4/88,15,19,28,32,35,42,45
6/8/88,2,6,22,27,34,37,12
6/11/88,3,8,16,22,27,44,23
6/15/88,5,9,15,21,27,47,4
6/18/88,3,5,14,30,35,40,32
6/22/88,2,18,24,25,27,30,46
6/25/88,8,22,28,31,32,38,39
6/29/88,6,10,26,39,41,47,8
7/2/88,26,32,33,35,38,44,12
7/6/88,6,13,19,22,25,27,16
7/9/88,8,10,25,31,43,47,41
7/13/88,8,9,15,22,25,31,7
7/16/88,1,8,13,28,31,44,39
7/20/88,9,13,19,23,34,40,1
7/23/88,12,14,20,33,38,43,18
7/27/88,1,4,31,33,36,39,32
7/30/88,2,7,10,14,23,42,17
8/3/88,1,3,20,22,30,44,33
8/6/88,5,28,29,32,43,45,20
8/10/88,7,15,17,29,40,47,36
8/13/88,11,24,35,45,46,48,40
8/17/88,5,32,34,40,45,47,15
8/20/88,6,19,33,35,43,44,34
8/24/88,5,8,16,32,34,43,6
8/27/88,17,20,23,27,36,47,37
8/31/88,6,31,34,37,39,48,15
9/3/88,6,20,22,27,32,41,37
9/7/88,2,5,13,23,35,45,48
9/10/88,4,16,17,18,22,44,41
9/14/88,10,27,30,33,36,48,9
9/17/88,2,4,15,24,28,41,34
9/21/88,8,9,10,18,30,39,22
9/24/88,3,7,18,21,41,44,32
9/28/88,2,4,6,11,42,44,26
10/1/88,6,20,35,42,47,49,38
10/5/88,3,12,14,29,31,33,23
10/8/88,7,23,27,29,44,49,18
10/12/88,1,7,9,21,46,47,36
10/15/88,2,13,27,29,35,38,44
10/19/88,8,12,16,20,21,44,49
10/22/88,2,3,8,24,32,48,28
10/26/88,13,16,17,19,35,45,3
10/29/88,1,24,32,36,48,49,47
11/2/88,3,7,23,28,31,49,9
11/5/88,16,31,40,42,45,49,21
11/9/88,4,6,15,32,34,35,8
11/12/88,13,15,24,28,41,46,21
11/16/88,1,18,19,31,45,49,41
11/19/88,4,5,24,25,36,39,47
11/23/88,22,33,38,39,44,49,43
11/26/88,2,18,23,35,37,42,1
11/30/88,4,20,33,47,48,49,45
12/3/88,1,14,15,30,37,49,19
12/7/88,4,17,22,28,30,47,46
12/10/88,8,16,22,31,32,39,43
12/14/88,6,23,24,26,33,36,41
12/17/88,4,15,19,20,36,48,16
12/21/88,3,10,20,30,44,49,43
12/24/88,23,31,34,45,47,48,7
12/28/88,1,8,17,20,32,44,16
12/31/88,3,25,28,29,35,47,16
1/4/89,1,13,14,45,46,48,27
1/7/89,4,14,28,32,33,44,12
1/11/89,11,17,20,31,33,35,22
1/14/89,14,21,34,40,44,47,15
1/18/89,6,9,14,16,19,28,26
1/21/89,10,25,29,31,39,49,43
1/25/89,7,9,11,24,31,49,1
1/28/89,3,7,19,23,26,35,39
2/1/89,1,4,11,16,23,33,41
2/4/89,6,19,22,28,32,38,34
2/8/89,8,10,11,27,31,43,26
2/11/89,6,9,11,17,20,27,43
2/15/89,1,30,36,37,38,40,2
2/18/89,2,18,31,33,35,37,41
2/22/89,2,6,14,28,44,47,15
2/25/89,4,11,27,31,36,49,21
3/1/89,11,18,23,33,47,49,46
3/4/89,8,15,22,36,41,42,9
3/8/89,13,21,30,37,43,46,40
3/11/89,1,8,14,19,27,31,30
3/15/89,7,10,15,18,19,23,36
3/18/89,6,17,30,34,41,48,47
3/22/89,6,8,15,32,44,49,3
3/25/89,9,17,18,32,34,42,33
3/29/89,1,9,25,34,35,42,48
4/1/89,2,10,37,40,42,44,30
4/5/89,18,25,29,32,34,44,3
4/8/89,5,13,19,27,41,45,29
4/12/89,10,28,30,37,40,44,21
4/15/89,5,7,26,28,32,37,12
4/19/89,6,8,10,37,42,46,41
4/22/89,3,17,18,28,34,49,12
4/26/89,4,16,19,23,34,41,11
4/29/89,2,20,23,25,27,46,18
5/3/89,7,9,13,26,28,34,14
5/6/89,4,9,23,25,30,35,46
5/10/89,18,19,22,36,41,42,13
5/13/89,10,18,24,32,44,47,38
5/17/89,12,22,25,32,38,40,31
5/20/89,6,14,17,19,28,30,29
5/24/89,4,13,16,32,35,40,25
5/27/89,1,18,20,26,31,39,35
5/31/89,1,12,34,42,44,45,49
6/3/89,2,10,16,27,38,47,29
6/7/89,14,26,29,33,35,37,8
6/10/89,10,12,17,33,36,40,2
6/14/89,6,13,24,30,32,33,35
6/17/89,18,23,24,25,31,32,3
6/21/89,1,5,21,29,37,42,19
6/24/89,6,10,18,26,27,41,4
6/28/89,2,4,13,16,17,40,41
7/1/89,3,5,15,16,17,31,2
7/5/89,1,2,7,14,41,49,21
7/8/89,10,13,18,28,31,42,35
7/12/89,1,8,15,25,31,41,47
7/15/89,12,13,19,20,39,42,47
7/19/89,14,20,25,33,35,48,27
7/22/89,9,15,21,34,45,46,5
7/26/89,1,5,6,9,22,44,46
7/29/89,8,12,34,38,43,46,36
8/2/89,5,13,19,26,37,38,42
8/5/89,3,14,21,28,30,45,48
8/9/89,13,22,24,34,37,44,47
8/12/89,3,4,13,21,22,46,7
8/16/89,9,12,13,32,34,35,47
8/17/89,6,7,18,27,32,39,34
8/23/89,5,9,15,17,29,35,7
8/26/89,4,12,14,32,44,45,33
8/30/89,11,20,25,30,34,38,48
9/2/89,1,14,27,42,46,49,8
9/6/89,13,15,18,37,42,49,33
9/9/89,18,22,39,40,43,47,48
9/13/89,3,7,15,17,41,43,33
9/16/89,4,6,11,17,27,44,41
9/20/89,1,13,21,31,36,48,26
9/23/89,3,6,7,19,27,32,20
9/27/89,1,16,20,21,25,33,45
9/30/89,5,20,26,39,45,46,43
10/4/89,7,9,10,40,44,48,29
10/7/89,2,7,12,15,18,48,42
10/11/89,1,4,26,27,35,45,29
10/14/89,1,17,20,37,42,44,38
10/18/89,1,24,28,40,46,49,39
10/21/89,20,26,29,33,40,45,38
10/25/89,4,21,24,32,34,47,25
10/28/89,1,14,28,36,47,49,43
11/1/89,14,16,20,22,34,42,39
11/4/89,4,17,26,33,43,49,25
11/8/89,9,17,28,36,44,46,2
11/11/89,9,16,18,25,37,47,35
11/15/89,2,20,27,29,41,43,16
11/18/89,17,20,34,39,41,49,24
11/22/89,6,7,18,21,24,32,31
11/25/89,5,7,19,24,37,41,39
11/29/89,2,14,37,42,44,48,46
12/2/89,5,8,25,42,43,45,26
12/6/89,20,24,32,36,41,43,30
12/9/89,10,16,31,42,47,49,48
12/13/89,2,9,22,25,47,49,38
12/16/89,1,7,15,18,27,40,13
12/20/89,4,11,17,20,25,49,40
12/23/89,3,5,10,36,42,45,28
12/27/89,7,26,28,34,38,47,18
12/30/89,11,12,26,27,29,34,18
1/3/90,2,14,40,41,43,46,16
1/6/90,5,6,21,22,31,33,46
1/10/90,2,5,33,35,47,49,44
1/13/90,12,18,22,33,35,44,2
1/17/90,3,22,27,46,48,49,19
1/20/90,15,24,36,41,42,46,8
1/24/90,19,21,24,29,46,48,27
1/27/90,1,5,6,10,33,49,36
1/31/90,1,10,11,15,22,29,42
2/3/90,7,8,11,16,41,47,44
2/7/90,11,12,28,30,39,48,16
2/10/90,15,21,24,27,42,47,36
2/14/90,11,14,25,28,44,47,30
2/17/90,17,18,21,22,23,45,7
2/21/90,13,16,21,26,35,46,18
2/24/90,1,23,26,37,43,49,2
2/28/90,10,16,32,35,36,42,15
3/3/90,3,13,28,31,40,44,41
3/7/90,1,3,14,33,37,49,16
3/10/90,4,9,22,27,42,45,34
3/14/90,2,11,30,34,38,44,49
3/17/90,11,17,28,35,38,40,46
3/21/90,7,17,34,38,45,46,30
3/24/90,5,31,33,34,36,38,25
3/28/90,2,19,20,26,32,37,45
3/31/90,6,23,25,31,39,41,12
4/4/90,7,10,31,37,46,49,24
4/7/90,13,25,38,40,42,47,11
4/11/90,6,13,31,35,38,40,15
4/14/90,11,24,39,41,43,45,20
4/18/90,9,22,24,27,36,46,7
4/21/90,1,4,8,27,34,40,42
4/25/90,27,29,30,33,44,45,25
4/28/90,12,20,22,28,36,43,32
5/2/90,2,5,11,27,31,43,30
5/5/90,2,3,7,22,38,48,21
5/9/90,7,15,16,26,29,47,42
5/12/90,5,19,21,34,43,49,32
5/16/90,3,22,23,31,33,47,28
5/19/90,5,7,20,26,31,36,14
5/23/90,3,4,13,25,29,41,33
5/26/90,4,8,9,39,40,46,11
5/30/90,7,11,17,28,38,42,32
6/2/90,1,3,30,36,42,43,23
6/6/90,2,9,16,22,34,40,14
6/9/90,8,13,25,30,38,39,24
6/13/90,7,10,37,45,46,47,13
6/16/90,12,24,35,42,45,47,21
6/20/90,13,14,19,20,29,47,33
6/23/90,22,27,32,37,42,47,31
6/27/90,5,7,12,17,26,47,10
6/30/90,9,17,21,28,29,30,1
7/4/90,2,8,11,25,45,47,24
7/7/90,11,14,15,25,38,42,45
7/11/90,13,15,16,24,38,40,27
7/14/90,5,17,27,31,33,48,38
7/18/90,10,12,18,39,43,49,40
7/21/90,9,27,28,36,37,46,12
7/25/90,2,16,28,39,41,46,25
7/28/90,10,16,26,34,37,43,5
8/1/90,2,8,13,23,27,44,21
8/4/90,13,22,26,40,46,49,4
8/8/90,11,23,29,30,44,49,41
8/11/90,1,6,21,27,43,49,46
8/15/90,17,19,20,31,40,44,21
8/18/90,13,19,41,44,46,48,12
8/22/90,2,7,12,17,19,23,39
8/25/90,14,20,25,43,44,46,33
8/29/90,1,10,16,25,43,48,37
9/1/90,4,10,17,20,24,39,49
9/5/90,7,12,37,38,40,46,18
9/8/90,17,18,21,37,38,39,36
9/12/90,14,23,29,35,39,47,44
9/15/90,9,22,30,39,42,45,41
9/19/90,7,8,10,20,31,49,27
9/22/90,8,9,17,22,43,45,16
9/26/90,4,5,7,18,33,42,39
9/29/90,6,9,12,33,34,48,3
10/3/90,17,20,36,40,43,47,26
10/6/90,17,18,32,34,39,46,8
10/10/90,10,14,34,37,40,49,42
10/13/90,1,6,8,30,32,44,17
10/17/90,9,13,14,33,39,40,8
10/20/90,6,14,15,19,26,28,49
10/24/90,1,9,14,20,43,48,44
10/27/90,3,16,18,24,31,44,22
10/31/90,3,10,14,16,17,39,11
11/3/90,1,11,16,27,32,49,37
11/7/90,19,30,32,39,42,49,28
11/10/90,5,10,19,29,35,42,7
11/14/90,21,26,29,31,46,47,14
11/17/90,4,16,24,28,35,46,5
11/21/90,6,10,20,30,31,39,2
11/24/90,3,5,13,14,31,40,23
11/28/90,12,21,28,34,38,39,25
12/1/90,3,5,14,26,34,41,12
12/5/90,10,17,22,26,34,45,38
12/8/90,1,19,21,23,24,46,7
12/12/90,5,9,23,27,28,39,42
12/15/90,21,26,29,33,35,43,25
12/19/90,20,27,34,39,42,47,14
12/22/90,2,3,13,26,36,38,40
12/26/90,16,19,25,32,38,47,30
12/29/90,7,25,28,37,44,48,11
1/2/91,2,14,19,20,26,49,8
1/5/91,7,9,21,25,26,46,13
1/9/91,2,5,9,17,22,38,12
1/12/91,11,22,24,37,39,49,27
1/16/91,17,33,34,37,41,47,12
1/19/91,5,7,10,15,24,29,43
1/23/91,18,23,29,38,41,44,36
1/26/91,8,28,30,31,32,35,26
1/30/91,1,13,17,23,30,40,14
2/2/91,5,10,16,20,29,42,6
2/6/91,12,15,17,28,38,43,33
2/9/91,9,11,21,28,29,37,38
2/13/91,3,5,23,24,34,47,31
2/16/91,6,7,23,30,38,45,13
2/20/91,4,16,18,28,31,38,46
2/23/91,10,11,17,29,38,47,28
2/27/91,4,6,18,33,42,44,20
3/2/91,6,7,12,37,45,48,28
3/6/91,16,17,23,28,43,49,29
3/9/91,8,13,22,34,43,45,16
3/13/91,4,5,15,18,25,41,11
3/16/91,21,22,29,31,42,47,36
3/20/91,2,5,6,8,32,46,49
3/23/91,13,17,22,28,31,41,48
3/27/91,7,14,17,22,30,47,21
3/30/91,1,8,18,19,29,33,41
4/3/91,3,4,9,29,38,47,31
4/6/91,4,10,19,24,41,45,27
4/10/91,1,3,7,23,28,42,26
4/13/91,16,24,26,27,39,45,8
4/17/91,10,15,22,25,27,40,30
4/20/91,6,19,25,39,44,47,1
4/24/91,9,18,22,26,32,36,19
4/27/91,14,19,20,27,40,45,11
5/1/91,10,21,35,36,42,44,40
5/4/91,8,12,25,30,43,49,45
5/8/91,16,25,30,38,46,48,9
5/11/91,6,30,31,32,35,47,14
5/15/91,5,10,27,29,35,45,36
5/18/91,16,18,20,26,37,38,3
5/22/91,16,26,30,33,43,49,17
5/25/91,2,23,28,32,33,47,44
5/29/91,8,18,20,26,29,37,17
6/1/91,7,8,13,25,38,44,40
6/5/91,11,18,26,33,47,49,34
6/8/91,11,13,26,28,36,41,34
6/12/91,14,20,32,35,40,41,38
6/15/91,3,9,17,24,39,43,2
6/19/91,4,8,30,39,40,45,46
6/22/91,20,24,35,36,40,45,43
6/26/91,8,10,17,26,37,41,30
6/29/91,3,5,10,12,13,40,43
7/3/91,6,11,15,25,40,46,12
7/6/91,6,10,32,37,40,48,26
7/10/91,7,10,23,26,27,32,41
7/13/91,3,9,24,26,33,47,4
7/17/91,2,8,9,20,23,43,4
7/20/91,10,11,22,28,30,33,41
7/24/91,7,15,19,32,33,34,20
7/27/91,9,30,31,33,37,43,27
7/31/91,7,12,14,16,35,39,21
8/3/91,4,23,25,36,38,43,34
8/7/91,2,7,11,15,42,49,19
8/10/91,6,7,19,27,37,45,9
8/14/91,23,25,28,30,32,49,18
8/17/91,13,15,18,21,38,44,39
8/21/91,9,15,17,31,33,34,10
8/24/91,4,8,9,41,45,47,19
8/28/91,23,27,33,46,47,49,35
8/31/91,1,3,6,22,25,39,48
9/4/91,1,5,6,15,20,22,13
9/7/91,1,5,18,34,35,37,27
9/11/91,2,9,19,24,32,41,8
9/14/91,5,12,21,32,46,47,14
9/18/91,4,5,27,38,43,45,12
9/21/91,1,2,7,9,21,42,27
9/25/91,10,17,23,29,30,43,19
9/28/91,1,3,24,27,43,45,15
10/2/91,31,36,40,43,48,49,33
10/5/91,1,18,36,40,44,47,9
10/9/91,5,8,17,32,43,44,39
10/12/91,17,34,39,41,43,47,21
10/16/91,4,8,10,13,29,43,12
10/19/91,12,25,36,37,40,42,19
10/23/91,13,21,27,46,47,48,15
10/26/91,7,24,32,33,34,35,17
10/30/91,2,3,18,30,34,40,13
11/2/91,6,15,35,42,47,48,9
11/6/91,5,17,25,26,41,42,30
11/9/91,7,13,17,19,23,39,18
11/13/91,7,9,17,21,39,49,23
11/16/91,4,6,20,26,31,33,11
11/20/91,7,11,13,36,43,44,23
11/23/91,15,38,43,45,48,49,4
11/27/91,1,3,4,23,36,38,15
11/30/91,14,15,24,36,45,46,27
12/4/91,6,12,23,30,34,43,7
12/7/91,5,6,33,41,44,49,9
12/11/91,19,21,32,35,38,47,29
12/14/91,17,18,20,29,31,43,2
12/18/91,17,19,28,35,36,42,39
12/21/91,19,21,22,23,37,45,1
12/25/91,2,11,25,34,46,49,47
12/28/91,22,32,35,39,44,46,48
1/1/92,4,7,16,21,47,48,5
1/4/92,11,14,38,43,44,46,19
1/8/92,7,16,20,28,32,41,24
1/11/92,7,8,23,26,46,48,47
1/15/92,1,11,20,23,28,32,4
1/18/92,8,17,25,26,45,46,42
1/22/92,12,30,40,46,47,49,22
1/25/92,6,12,18,19,31,47,49
1/29/92,1,3,7,8,35,44,16
2/1/92,26,30,32,34,40,47,28
2/5/92,2,8,12,15,39,49,48
2/8/92,5,16,17,18,31,38,19
2/12/92,3,16,18,21,25,48,30
2/15/92,9,15,22,38,41,45,33
2/19/92,7,9,10,17,38,44,32
2/22/92,1,12,20,25,29,43,37
2/26/92,16,18,27,28,29,31,4
2/29/92,14,15,26,34,35,42,6
3/4/92,9,12,21,22,35,44,41
3/7/92,7,18,21,26,34,36,46
3/11/92,1,7,28,31,40,44,46
3/14/92,2,14,16,25,30,33,11
3/18/92,2,12,24,26,38,42,13
3/21/92,4,12,13,14,27,28,10
3/25/92,12,22,29,32,33,36,27
3/28/92,4,6,15,38,41,48,5
4/1/92,2,5,24,25,31,35,33
4/4/92,16,18,26,27,29,34,8
4/8/92,29,34,35,39,40,43,30
4/11/92,6,7,8,10,26,38,9
4/15/92,7,12,19,22,32,48,13
4/18/92,2,26,31,33,38,40,28
4/22/92,5,9,22,33,34,48,35
4/25/92,1,24,26,28,29,32,39
4/29/92,7,15,28,29,33,41,13
5/2/92,4,5,6,13,22,40,36
5/6/92,14,17,21,25,27,39,32
5/9/92,14,21,25,28,36,37,39
5/13/92,19,20,25,27,31,38,10
5/16/92,1,2,15,26,39,49,25
5/20/92,21,23,31,34,38,44,8
5/23/92,2,16,18,25,27,45,28
5/27/92,11,30,32,34,42,44,36
5/30/92,2,12,19,21,35,49,44
6/3/92,9,32,34,36,43,49,24
6/6/92,9,15,16,33,35,41,38
6/10/92,3,19,29,31,34,42,14
6/13/92,20,21,32,39,42,43,47
6/17/92,9,12,17,25,30,35,4
6/20/92,9,11,32,34,35,48,42
6/24/92,7,18,21,26,31,37,42
6/27/92,19,29,30,31,32,36,12
7/1/92,13,23,29,39,46,47,3
7/4/92,7,8,24,39,40,46,20
7/8/92,1,2,3,4,13,48,20
7/11/92,13,15,18,23,26,46,39
7/15/92,5,21,30,33,36,41,18
7/18/92,8,13,23,31,39,41,7
7/22/92,16,20,22,31,40,43,42
7/25/92,3,8,12,19,42,44,33
7/29/92,5,6,7,14,16,46,37
8/1/92,6,7,21,28,38,39,42
8/5/92,1,2,12,20,21,47,42
8/8/92,15,27,30,31,34,43,12
8/12/92,3,4,20,22,33,46,19
8/15/92,16,21,25,26,38,47,24
8/19/92,9,10,21,28,30,41,1
8/22/92,6,14,23,29,44,48,13
8/26/92,4,13,26,35,41,46,6
8/29/92,3,9,18,32,41,47,30
9/2/92,1,15,32,35,38,49,14
9/5/92,11,14,16,17,29,41,35
9/9/92,5,10,31,35,37,41,20
9/12/92,1,3,14,17,38,40,20
9/16/92,1,4,30,40,42,48,49
9/19/92,4,12,31,41,43,49,24
9/23/92,19,21,34,36,47,49,42
9/26/92,16,17,20,21,29,35,41
9/30/92,14,35,40,43,46,47,11
10/3/92,11,15,16,22,27,34,12
10/7/92,8,17,25,26,38,42,14
10/10/92,8,12,22,39,40,44,17
10/14/92,3,12,35,42,43,45,13
10/17/92,2,13,15,24,33,35,39
10/21/92,7,18,26,35,38,48,49
10/24/92,11,22,25,33,42,49,28
10/28/92,3,11,13,15,20,39,32
10/31/92,22,28,29,30,36,47,16
11/4/92,12,14,19,26,40,42,3
11/7/92,8,9,14,38,42,49,41
11/11/92,12,19,28,31,41,47,16
11/14/92,2,6,7,8,30,37,47
11/18/92,3,7,11,29,45,48,8
11/21/92,5,6,7,12,35,39,29
11/25/92,18,28,29,30,46,49,7
11/28/92,10,19,20,35,38,43,48
12/2/92,2,16,22,24,27,45,42
12/5/92,3,21,23,41,43,46,1
12/9/92,1,5,10,16,44,45,23
12/12/92,15,18,29,30,37,47,44
12/16/92,2,11,32,33,48,49,3
12/19/92,8,9,13,27,28,38,7
12/23/92,7,14,32,36,39,44,43
12/26/92,11,13,16,17,19,20,37
12/30/92,11,23,30,31,34,46,17
1/2/93,7,15,19,28,29,30,43
1/6/93,3,16,20,22,37,39,31
1/9/93,6,14,18,21,34,35,22
1/13/93,3,11,16,23,24,26,25
1/16/93,16,31,38,39,41,42,30
1/20/93,11,12,18,20,36,43,44
1/23/93,12,21,25,34,45,48,39
1/27/93,7,15,31,41,46,47,17
1/30/93,1,6,13,14,19,34,8
2/3/93,1,24,28,34,44,47,43
2/6/93,19,29,33,34,39,41,26
2/10/93,13,19,29,31,32,48,47
2/13/93,12,16,17,20,34,39,43
2/17/93,4,12,16,22,32,40,35
2/20/93,12,14,32,40,43,49,38
2/24/93,4,5,8,10,32,39,28
2/27/93,1,8,16,18,19,38,26
3/3/93,22,24,28,33,38,46,31
3/6/93,1,2,14,25,29,46,28
3/10/93,3,6,9,39,46,47,1
3/13/93,1,7,18,19,27,41,9
3/17/93,5,12,15,26,36,46,23
3/20/93,6,11,13,21,27,41,35
3/24/93,9,15,25,27,28,41,46
3/27/93,7,14,26,28,30,42,13
3/31/93,6,20,24,29,32,42,17
4/3/93,1,2,8,12,41,45,15
4/7/93,8,28,30,37,41,43,14
4/10/93,32,36,43,44,45,47,10
4/14/93,11,18,20,25,35,39,19
4/17/93,12,21,23,31,33,45,18
4/21/93,4,6,17,31,34,49,2
4/24/93,8,20,30,38,41,43,16
4/28/93,4,7,11,18,46,47,36
5/1/93,4,18,39,40,42,43,17
5/5/93,3,13,16,18,19,46,39
5/8/93,1,3,8,27,39,48,11
5/12/93,9,20,24,38,44,48,37
5/15/93,3,6,22,31,35,43,7
5/19/93,3,25,29,37,44,45,43
5/22/93,10,12,22,27,31,32,29
5/26/93,5,6,9,39,43,47,32
5/29/93,12,17,33,34,40,48,36
6/2/93,1,3,19,32,37,47,23
6/5/93,17,23,32,33,40,47,27
6/9/93,18,27,28,34,38,45,19
6/12/93,1,3,13,21,32,45,37
6/16/93,3,8,12,20,26,39,24
6/19/93,5,17,31,34,36,38,11
6/23/93,5,24,38,40,44,48,10
6/26/93,16,17,23,35,39,45,18
6/30/93,12,18,27,29,31,43,20
7/3/93,8,10,32,36,37,44,9
7/7/93,23,27,31,39,41,42,7
7/10/93,13,30,37,39,42,44,1
7/14/93,16,24,25,27,29,40,19
7/17/93,2,4,14,32,39,43,6
7/21/93,1,6,16,38,41,48,27
7/24/93,15,23,27,31,41,42,45
7/28/93,2,4,8,9,22,34,48
7/31/93,4,14,20,21,29,36,3
8/4/93,5,18,19,26,30,40,46
8/7/93,4,9,17,31,33,38,34
8/11/93,2,6,15,26,36,40,28
8/14/93,9,16,26,30,32,36,29
8/18/93,20,22,37,42,43,46,24
8/21/93,17,18,20,39,40,41,42
8/25/93,16,19,20,25,35,42,30
8/28/93,12,19,21,28,30,39,46
9/1/93,2,18,31,33,43,47,13
9/4/93,1,21,23,25,29,44,45
9/8/93,4,21,23,29,33,40,41
9/11/93,3,7,12,16,30,31,44
9/15/93,4,9,12,27,28,48,15
9/18/93,4,5,21,24,36,38,8
9/22/93,11,12,27,29,31,38,18
9/25/93,10,26,27,35,41,46,11
9/29/93,11,19,20,36,38,47,35
10/2/93,7,18,25,34,39,47,16
10/6/93,23,26,29,41,42,46,18
10/9/93,2,8,10,12,23,44,40
10/13/93,4,23,24,34,41,48,47
10/16/93,4,7,20,32,45,48,23
10/20/93,11,17,22,30,40,41,37
10/23/93,3,22,31,32,33,39,5
10/27/93,2,7,8,15,21,40,25
10/30/93,5,13,22,23,28,38,7
11/3/93,13,15,23,26,32,33,28
11/6/93,7,8,13,16,17,36,41
11/10/93,6,27,33,41,47,48,7
11/13/93,5,6,12,13,34,45,22
11/17/93,8,28,30,33,37,46,24
11/20/93,12,15,25,34,37,49,42
11/24/93,1,19,22,23,24,34,47
11/27/93,11,14,16,19,44,46,2
12/1/93,1,4,15,27,32,45,38
12/4/93,25,29,30,32,33,42,31
12/8/93,7,9,19,28,34,45,12
12/11/93,9,15,32,37,42,46,41
12/15/93,11,25,28,29,33,43,20
12/18/93,5,22,25,27,30,44,14
12/22/93,4,9,17,26,32,37,22
12/25/93,1,7,13,24,40,46,45
12/29/93,2,6,15,29,31,37,47
1/1/94,5,11,25,29,38,39,23
1/5/94,2,12,19,21,24,43,26
1/8/94,1,4,22,23,34,35,37
1/12/94,10,24,26,30,40,47,6
1/15/94,11,15,27,30,46,49,19
1/19/94,4,14,17,20,21,33,1
1/22/94,4,13,30,37,41,46,6
1/26/94,13,14,27,31,38,40,12
1/29/94,5,8,37,42,47,48,49
2/2/94,9,10,30,31,37,44,4
2/5/94,1,2,13,17,31,41,22
2/9/94,17,19,20,21,35,41,42
2/12/94,2,12,27,36,39,41,1
2/16/94,7,22,25,39,45,48,37
2/19/94,10,14,21,36,37,38,47
2/23/94,5,7,11,31,35,46,30
2/26/94,1,11,26,28,30,31,10
3/2/94,5,10,14,35,43,47,26
3/5/94,2,10,25,38,41,42,7
3/9/94,10,13,14,34,36,42,40
3/12/94,1,15,24,36,37,43,13
3/16/94,22,24,37,38,46,49,35
3/19/94,12,13,15,37,38,42,23
3/23/94,5,8,32,33,47,49,46
3/26/94,11,13,20,29,34,49,30
3/30/94,13,15,23,28,46,49,21
4/2/94,8,31,33,34,45,46,37
4/6/94,5,17,20,27,28,31,47
4/9/94,4,9,30,31,45,49,32
4/13/94,9,16,22,27,38,48,35
4/16/94,9,10,18,21,25,47,45
4/20/94,10,20,26,35,42,43,48
4/23/94,8,12,18,24,30,44,22
4/27/94,11,24,40,42,44,45,49
4/30/94,4,11,17,28,30,32,23
5/4/94,9,11,22,27,37,42,43
5/7/94,2,5,7,9,21,24,22
5/11/94,2,3,17,38,40,42,1
5/14/94,8,22,29,42,46,48,39
5/18/94,1,4,8,30,31,33,21
5/21/94,4,10,25,33,36,46,30
5/25/94,5,22,27,35,38,47,37
5/28/94,11,16,35,37,46,49,34
6/1/94,12,13,16,29,44,45,40
6/4/94,13,17,33,39,42,46,29
6/8/94,18,21,24,31,35,39,14
6/11/94,10,13,31,32,39,46,18
6/15/94,2,20,22,23,24,31,38
6/18/94,2,3,31,36,46,48,7
6/22/94,8,10,31,34,40,41,49
6/25/94,9,14,21,26,27,35,38
6/29/94,10,13,14,34,39,48,23
7/2/94,12,24,28,34,35,42,14
7/6/94,30,34,37,38,40,49,16
7/9/94,17,30,33,42,45,48,43
7/13/94,6,8,12,44,46,47,36
7/16/94,21,27,28,32,38,42,22
7/20/94,10,17,19,31,35,48,13
7/23/94,4,11,16,26,28,38,47
7/27/94,3,8,12,26,29,42,13
7/30/94,10,21,22,35,42,45,26
8/3/94,13,16,18,27,28,41,32
8/6/94,3,8,11,12,21,48,43
8/10/94,1,12,14,34,39,48,3
8/13/94,8,9,16,18,22,37,33
8/17/94,18,21,23,24,28,41,19
8/20/94,14,18,26,31,34,40,5
8/24/94,7,9,19,25,42,44,11
8/27/94,1,7,14,18,26,33,10
8/31/94,1,14,19,34,42,49,32
9/3/94,1,2,34,35,45,47,49
9/7/94,2,3,13,27,30,49,7
9/10/94,3,7,8,21,27,37,40
9/14/94,15,20,36,37,48,49,21
9/17/94,4,20,31,35,43,46,36
9/21/94,23,24,25,29,34,48,20
9/24/94,8,11,14,18,25,43,37
9/28/94,1,19,24,26,31,32,10
10/1/94,7,12,13,19,20,27,2
10/5/94,10,15,17,20,22,37,25
10/8/94,9,19,31,32,38,40,8
10/12/94,6,7,9,17,19,44,47
10/15/94,10,11,32,36,45,46,43
10/19/94,4,9,18,22,34,42,2
10/22/94,6,9,14,29,38,46,5
10/26/94,18,19,20,23,30,42,28
10/29/94,11,13,18,33,39,41,31
11/2/94,19,25,26,41,44,45,20
11/5/94,6,7,16,22,37,38,11
11/9/94,6,19,20,31,43,48,33
11/12/94,21,28,35,40,45,47,19
11/16/94,23,29,33,34,38,42,43
11/19/94,6,14,23,27,38,40,21
11/23/94,5,7,9,10,13,49,28
11/26/94,9,13,14,31,45,46,33
11/30/94,12,32,41,42,46,49,39
12/3/94,2,14,31,36,44,49,25
12/7/94,7,15,31,36,38,39,48
12/10/94,9,15,27,33,36,39,35
12/14/94,8,12,30,33,34,44,31
12/17/94,11,23,30,39,40,41,16
12/21/94,16,17,26,30,40,43,22
12/24/94,1,10,18,19,27,42,44
12/28/94,10,21,22,27,28,43,17
12/31/94,10,12,30,32,34,38,39
1/4/95,21,22,24,31,33,34,41
1/7/95,5,7,11,30,43,49,15
1/11/95,3,5,10,28,41,47,42
1/14/95,15,25,30,33,45,46,1
1/18/95,3,8,15,18,26,34,25
1/21/95,6,9,13,23,26,41,37
1/25/95,7,8,31,35,37,41,42
1/28/95,2,7,8,20,28,34,46
2/1/95,10,32,35,37,39,47,17
2/4/95,2,22,25,26,32,46,17
2/8/95,16,18,21,22,27,47,5
2/11/95,6,17,23,28,35,47,45
2/15/95,6,15,28,38,43,47,14
2/18/95,6,19,27,33,43,47,41
2/22/95,15,16,19,30,35,39,17
2/25/95,6,9,13,31,35,47,16
3/1/95,1,19,20,36,46,49,24
3/4/95,6,10,12,39,41,49,35
3/8/95,9,13,24,28,30,44,42
3/11/95,10,31,32,35,38,46,45
3/15/95,1,8,22,34,38,43,20
3/18/95,5,8,24,32,47,48,1
3/22/95,3,9,16,19,32,47,17
3/25/95,17,18,34,41,43,48,47
3/29/95,2,4,6,26,27,44,31
4/1/95,18,20,21,30,34,46,25
4/5/95,6,15,23,24,34,42,4
4/8/95,4,8,36,41,45,46,18
4/12/95,16,17,19,32,35,42,33
4/15/95,2,6,8,17,25,40,23
4/19/95,3,4,11,12,28,31,8
4/22/95,5,19,30,33,36,39,23
4/26/95,3,17,19,21,27,46,29
4/29/95,1,3,8,11,22,30,5
5/3/95,5,16,17,32,45,48,10
5/6/95,3,7,13,17,32,48,14
5/10/95,12,15,19,25,26,32,10
5/13/95,1,9,23,34,37,43,6
5/17/95,1,3,7,27,34,41,21
5/20/95,5,12,24,29,38,41,47
5/24/95,2,5,9,14,44,46,42
5/27/95,18,19,29,31,35,43,10
5/31/95,17,25,27,30,32,36,49
6/3/95,19,33,34,35,40,41,12
6/7/95,13,14,28,33,34,48,9
6/10/95,6,10,23,40,46,49,36
6/14/95,9,14,26,32,33,48,47
6/17/95,5,6,14,32,44,45,21
6/21/95,1,4,5,9,27,42,13
6/24/95,4,13,15,19,30,46,43
6/28/95,3,30,31,33,34,41,1
7/1/95,7,9,20,26,32,38,25
7/5/95,5,17,24,25,28,49,30
7/8/95,7,18,20,27,42,48,3
7/12/95,13,32,35,38,40,44,47
7/15/95,5,11,17,25,34,49,23
7/19/95,6,11,17,26,27,47,1
7/22/95,9,12,27,30,36,37,13
7/26/95,16,18,29,31,41,47,28
7/29/95,8,13,16,37,39,46,34
8/2/95,2,11,23,33,43,46,16
8/5/95,13,21,27,30,38,43,39
8/9/95,3,7,17,21,32,46,35
8/12/95,16,18,20,30,32,42,11
8/16/95,19,20,28,30,31,43,35
8/19/95,7,24,36,40,46,48,27
8/23/95,4,7,13,20,27,30,37
8/26/95,1,16,23,32,35,45,10
8/30/95,20,21,27,36,37,47,3
9/2/95,4,12,28,31,45,46,6
9/6/95,7,18,21,23,32,46,38
9/9/95,2,6,12,18,38,42,28
9/13/95,2,3,13,16,22,48,49
9/16/95,7,10,30,36,38,49,25
9/20/95,8,13,17,18,27,32,20
9/23/95,3,5,21,32,43,46,4
9/27/95,12,17,19,22,42,48,4
9/30/95,12,13,18,19,36,48,23
10/4/95,19,29,37,41,45,48,39
10/7/95,12,17,23,32,44,49,42
10/11/95,1,9,18,33,36,48,29
10/14/95,9,17,29,38,39,42,4
10/18/95,3,4,8,15,30,31,28
10/21/95,4,25,33,35,40,45,26
10/25/95,3,5,12,38,41,44,18
10/28/95,8,19,27,34,36,45,3
11/1/95,2,20,22,30,33,43,42
11/4/95,20,30,40,41,43,44,32
11/8/95,2,6,18,28,32,44,20
11/11/95,6,9,21,31,40,42,30
11/15/95,12,26,27,34,41,43,10
11/18/95,16,21,22,26,35,49,13
11/22/95,5,12,34,35,37,49,14
11/25/95,3,5,8,9,37,38,29
11/29/95,14,22,26,38,42,43,36
12/2/95,9,19,21,23,31,49,22
12/6/95,5,12,22,26,29,31,40
12/9/95,8,14,15,21,48,49,34
12/13/95,7,15,20,23,40,49,16
12/16/95,4,7,21,36,39,40,8
12/20/95,4,11,12,14,27,30,8
12/23/95,4,6,8,22,23,25,12
12/27/95,8,18,26,30,39,49,3
12/30/95,7,15,23,27,30,49,32
1/3/96,1,10,16,24,39,48,30
1/6/96,2,5,9,18,34,41,27
1/10/96,1,12,27,28,41,44,25
1/13/96,3,5,11,19,29,40,8
1/17/96,1,9,27,33,37,41,26
1/20/96,6,19,28,35,38,42,45
1/24/96,1,3,5,16,20,26,31
1/27/96,8,13,26,28,34,37,19
1/31/96,4,9,13,22,24,30,31
2/3/96,17,31,36,38,45,49,11
2/7/96,28,32,34,41,45,48,23
2/10/96,13,24,27,31,46,48,9
2/14/96,9,13,20,30,34,36,12
2/17/96,4,7,15,34,37,41,46
2/21/96,8,34,38,43,46,47,5
2/24/96,8,13,24,28,32,41,18
2/28/96,1,3,7,25,33,34,22
3/2/96,2,3,24,25,43,45,18
3/6/96,2,9,17,25,30,40,49
3/9/96,4,7,10,13,39,46,49
3/13/96,3,8,13,21,32,49,28
3/16/96,12,17,19,23,24,40,14
3/20/96,3,6,10,15,42,47,25
3/23/96,9,15,26,40,43,48,41
3/27/96,20,21,30,39,41,47,17
3/30/96,4,22,25,44,46,48,3
4/3/96,23,30,35,44,46,48,20
4/6/96,5,7,21,34,38,45,10
4/10/96,11,16,18,27,42,43,36
4/13/96,3,15,21,30,34,47,37
4/17/96,1,15,20,34,36,39,45
4/20/96,1,16,17,30,44,49,37
4/24/96,11,12,13,14,39,47,24
4/27/96,10,23,38,42,44,49,19
5/1/96,30,32,39,40,42,44,29
5/4/96,27,38,39,43,44,49,34
5/8/96,4,20,23,26,32,46,3
5/11/96,13,18,21,31,38,44,3
5/15/96,12,14,16,41,45,48,47
5/18/96,16,39,40,44,48,49,29
5/22/96,1,12,18,23,47,49,24
5/25/96,11,12,20,21,39,45,32
5/29/96,3,9,29,31,44,49,26
6/1/96,2,3,9,16,27,43,21
6/5/96,19,20,38,39,44,45,1
6/8/96,5,15,40,41,45,49,27
6/12/96,1,14,20,25,27,31,21
6/15/96,7,20,23,27,38,41,5
6/19/96,23,32,34,37,42,43,24
6/22/96,3,28,36,37,43,47,20
6/26/96,8,15,23,39,40,45,25
6/29/96,8,9,14,27,40,49,5
7/3/96,16,18,19,23,32,33,29
7/6/96,7,13,21,22,33,38,30
7/10/96,11,20,21,26,39,43,1
7/13/96,1,2,10,24,29,39,30
7/17/96,1,8,10,15,40,41,16
7/20/96,3,5,8,37,38,46,24
7/24/96,8,12,19,25,27,40,44
7/27/96,21,26,27,34,40,48,39
7/31/96,4,13,21,23,37,38,1
8/3/96,5,12,31,33,39,49,22
8/7/96,2,21,25,30,35,41,1
8/10/96,4,14,15,19,23,38,49
8/14/96,2,8,12,24,34,39,4
8/17/96,1,19,24,33,44,45,48
8/21/96,18,25,26,31,34,42,36
8/24/96,12,28,32,43,47,48,16
8/28/96,7,13,24,39,41,49,16
8/31/96,1,5,8,14,38,45,25
9/4/96,1,14,17,24,41,42,34
9/7/96,11,14,15,21,30,32,37
9/11/96,12,14,20,21,39,43,48
9/14/96,1,15,27,29,35,47,39
9/18/96,13,26,30,38,43,46,6
9/21/96,2,3,13,17,23,42,31
9/25/96,7,21,32,33,38,42,10
9/28/96,20,30,32,39,41,42,26
10/2/96,7,18,21,29,36,37,27
10/5/96,5,22,30,31,37,38,23
10/9/96,15,16,19,27,31,39,1
10/12/96,8,20,38,40,42,44,10
10/16/96,6,13,14,15,20,42,21
10/19/96,5,13,19,31,40,43,11
10/23/96,4,5,10,21,24,44,14
10/26/96,1,8,9,14,37,45,10
10/30/96,14,19,21,25,34,48,20
11/2/96,10,16,17,23,36,48,19
11/6/96,4,7,36,39,47,48,20
11/9/96,7,21,25,31,42,47,20
11/13/96,2,7,9,31,44,46,26
11/16/96,2,12,21,34,41,43,36
11/20/96,4,8,23,26,30,46,45
11/23/96,3,5,6,8,14,48,1
11/27/96,4,9,21,26,48,49,45
11/30/96,4,13,21,23,30,40,3
12/4/96,9,17,29,32,41,42,18
12/7/96,2,6,27,35,41,42,4
12/11/96,1,3,6,11,27,47,18
12/14/96,14,15,32,38,40,46,3
12/18/96,7,8,12,18,23,36,19
12/21/96,9,12,23,33,41,47,5
12/25/96,13,17,27,31,40,42,34
12/28/96,8,21,22,31,33,45,39
1/1/97,1,23,25,26,33,44,24
1/4/97,23,28,33,38,47,49,9
1/8/97,19,24,30,35,37,44,40
1/11/97,4,13,17,28,44,47,23
1/15/97,2,8,13,16,26,31,23
1/18/97,8,10,18,31,41,48,39
1/22/97,6,14,16,27,30,43,42
1/25/97,6,27,30,31,34,47,35
1/29/97,1,8,19,27,32,39,33
2/1/97,4,8,23,35,40,46,5
2/5/97,4,5,7,8,16,39,3
2/8/97,20,21,25,31,43,45,2
2/12/97,8,13,25,30,43,45,21
2/15/97,6,9,16,27,46,48,38
2/19/97,9,21,25,27,40,42,14
2/22/97,1,3,7,13,39,46,4
2/26/97,5,6,21,26,42,48,28
3/1/97,11,24,28,40,46,47,39
3/5/97,3,20,22,30,44,45,5
3/8/97,13,31,32,40,45,48,16
3/12/97,12,16,25,26,28,41,43
3/15/97,5,21,29,31,45,49,41
3/19/97,12,16,20,22,26,38,36
3/22/97,4,15,20,27,41,45,40
3/26/97,4,27,32,38,40,45,20
3/29/97,9,20,27,34,38,46,35
4/2/97,1,3,12,14,17,46,38
4/5/97,2,3,15,19,44,45,34
4/9/97,11,14,15,16,28,42,39
4/12/97,11,15,27,39,43,44,4
4/16/97,9,14,19,28,37,46,48
4/19/97,4,14,18,35,36,48,27
4/23/97,22,28,36,42,46,49,43
4/26/97,3,14,19,26,35,45,37
4/30/97,2,16,20,36,45,47,32
5/3/97,2,8,16,31,34,36,13
5/7/97,8,20,23,25,36,43,35
5/10/97,3,5,6,20,29,33,9
5/14/97,5,15,17,32,41,45,42
5/17/97,11,21,25,27,28,37,9
5/21/97,3,12,21,24,37,45,28
5/24/97,13,23,26,27,30,44,1
5/28/97,2,3,19,32,36,47,25
5/31/97,3,8,13,30,37,47,46
6/4/97,1,2,16,19,20,38,34
6/7/97,1,4,10,22,27,42,5
6/11/97,20,21,22,34,36,43,6
6/14/97,7,16,18,25,32,33,40
6/18/97,5,25,33,37,39,43,48
6/21/97,17,21,25,26,33,48,3
6/25/97,3,8,10,23,31,47,46
6/28/97,3,10,19,27,32,33,8
7/2/97,17,25,29,30,34,40,45
7/5/97,2,3,11,14,27,30,38
7/9/97,4,31,32,35,37,48,30
7/12/97,12,16,20,23,36,47,38
7/16/97,6,15,16,36,39,46,38
7/19/97,4,5,25,37,39,44,17
7/23/97,4,12,36,44,45,47,21
7/26/97,14,19,22,24,35,47,12
7/30/97,4,5,10,20,23,47,33
8/2/97,1,7,14,16,32,41,24
8/6/97,1,6,8,10,14,49,12
8/9/97,1,2,5,11,17,19,27
8/13/97,7,15,25,32,44,48,46
8/16/97,3,4,6,20,31,35,19
8/20/97,6,14,25,30,31,36,4
8/23/97,28,29,36,39,45,46,11
8/27/97,12,13,16,34,44,49,42
8/30/97,16,19,22,34,37,40,45
9/3/97,13,14,18,23,24,27,7
9/6/97,13,23,27,39,41,49,24
9/10/97,7,12,20,35,36,38,21
9/13/97,6,11,20,24,38,42,8
9/17/97,15,23,39,40,44,46,22
9/20/97,9,11,32,38,39,40,48
9/24/97,10,12,34,37,39,41,4
9/27/97,2,10,23,31,39,49,5
10/1/97,1,3,16,29,31,46,12
10/4/97,23,26,29,31,33,42,44
10/8/97,2,3,11,15,34,47,25
10/11/97,2,3,14,17,25,49,27
10/15/97,17,23,24,39,45,49,25
10/18/97,10,13,16,21,26,35,38
10/22/97,5,11,14,19,27,29,17
10/25/97,1,11,22,28,30,43,6
10/29/97,1,20,23,31,34,44,24
11/1/97,3,17,18,21,23,28,39
11/5/97,13,15,27,31,43,44,2
11/8/97,11,15,16,25,31,44,30
11/12/97,4,5,14,30,32,34,27
11/15/97,11,28,29,34,38,40,48
11/19/97,10,23,28,38,43,45,36
11/22/97,10,15,25,31,33,35,8
11/26/97,7,10,12,15,23,47,5
11/29/97,3,4,5,9,14,18,11
12/3/97,5,20,34,38,39,47,12
12/6/97,5,6,18,23,28,47,9
12/10/97,3,17,19,29,37,42,41
12/13/97,2,16,22,23,36,45,48
12/17/97,2,5,9,10,22,35,27
12/20/97,7,13,18,26,27,47,2
12/24/97,29,32,33,46,47,48,17
12/27/97,6,12,24,29,34,45,17
12/31/97,10,13,29,30,37,41,40
1/3/98,6,20,24,33,42,47,25
1/7/98,2,9,19,37,39,46,5
1/10/98,3,6,9,16,30,49,11
1/14/98,8,18,20,22,39,40,9
1/17/98,5,14,23,28,34,47,18
1/21/98,2,3,10,16,27,37,45
1/24/98,5,9,14,21,25,42,7
1/28/98,1,2,30,31,34,49,40
1/31/98,6,10,26,28,37,42,17
2/4/98,10,16,28,37,42,47,21
2/7/98,7,18,20,21,32,40,11
2/11/98,2,13,19,32,38,47,5
2/14/98,4,10,16,21,33,36,24
2/18/98,7,14,18,25,32,37,36
2/21/98,6,22,25,26,37,43,28
2/25/98,22,26,29,31,36,39,21
2/28/98,7,20,22,23,44,49,18
3/4/98,8,12,17,28,38,40,20
3/7/98,26,34,36,41,46,48,44
3/11/98,3,6,8,30,40,43,20
3/14/98,6,7,19,34,36,41,49
3/18/98,15,23,28,39,45,48,2
3/21/98,8,12,15,23,38,45,20
3/25/98,1,7,9,11,37,40,23
3/28/98,16,22,27,29,36,42,26
4/1/98,5,20,29,42,45,49,28
4/4/98,8,12,33,36,40,45,13
4/8/98,9,12,15,29,32,37,48
4/11/98,8,29,34,37,39,47,12
4/15/98,10,12,27,31,37,42,25
4/18/98,2,23,24,28,31,35,29
4/22/98,8,19,35,42,43,48,29
4/25/98,2,8,20,28,39,40,21
4/29/98,3,17,28,30,47,48,35
5/2/98,5,12,13,15,30,49,22
5/6/98,7,17,24,32,34,43,13
5/9/98,7,14,27,32,46,49,33
5/13/98,4,15,23,30,35,49,41
5/16/98,4,20,25,28,35,42,31
5/20/98,10,11,20,22,31,39,21
5/23/98,1,21,26,31,32,47,25
5/27/98,4,9,15,20,37,43,47
5/30/98,1,5,12,13,16,21,20
6/3/98,2,27,32,35,41,47,4
6/6/98,5,6,31,33,44,49,43
6/10/98,1,2,6,10,16,21,19
6/13/98,12,16,20,27,43,44,41
6/17/98,6,15,23,30,34,43,5
6/20/98,2,6,15,24,34,38,8
6/24/98,1,5,22,42,47,49,20
6/27/98,6,20,26,40,42,46,5
7/1/98,9,12,25,31,36,48,39
7/4/98,2,19,23,29,46,47,40
7/8/98,10,26,28,35,38,39,3
7/11/98,10,13,27,28,31,49,47
7/15/98,5,31,37,38,43,49,14
7/18/98,6,16,17,23,34,35,49
7/22/98,2,3,22,31,34,45,37
7/25/98,10,11,33,38,39,45,44
7/29/98,1,4,14,21,22,29,31
8/1/98,10,11,19,34,45,46,28
8/5/98,1,4,14,17,31,44,27
8/8/98,3,20,21,33,35,45,26
8/12/98,15,16,38,39,41,45,8
8/15/98,12,13,15,37,41,49,45
8/19/98,1,4,8,9,47,48,24
8/22/98,12,17,21,23,38,44,14
8/26/98,1,4,22,26,37,47,7
8/29/98,8,20,22,36,47,49,45
9/2/98,9,20,26,34,44,49,18
9/5/98,4,6,29,32,33,38,1
9/9/98,10,30,37,44,47,49,11
9/12/98,5,9,10,15,21,41,42
9/16/98,8,21,23,29,30,37,3
9/19/98,13,15,26,32,34,36,33
9/23/98,1,13,26,28,29,41,43
9/26/98,13,15,28,31,35,45,4
9/30/98,10,15,22,25,32,34,37
10/3/98,1,6,17,20,33,44,26
10/7/98,1,6,14,18,25,34,41
10/10/98,3,8,21,23,33,49,37
10/14/98,6,22,28,32,42,45,10
10/17/98,10,14,15,17,23,25,26
10/21/98,4,8,15,30,41,45,26
10/24/98,19,20,21,27,34,43,3
10/28/98,9,10,23,35,42,49,28
10/31/98,3,11,24,37,38,39,42
11/4/98,15,20,21,22,26,35,31
11/7/98,14,27,31,38,45,47,44
11/11/98,3,5,6,12,14,30,19
11/14/98,4,21,23,34,43,45,25
11/18/98,1,2,6,22,36,47,41
11/21/98,2,9,21,24,35,46,5
11/25/98,6,16,17,28,45,49,3
11/28/98,3,22,25,33,39,41,21
12/2/98,1,3,5,6,24,39,16
12/5/98,4,12,15,18,19,32,27
12/9/98,17,18,19,36,41,42,25
12/12/98,10,11,20,29,43,45,39
12/16/98,11,12,16,19,26,37,33
12/19/98,6,12,17,26,38,44,14
12/23/98,3,15,17,18,24,44,23
12/26/98,2,8,10,14,18,44,23
12/30/98,10,13,16,19,25,31,23
1/2/99,6,29,33,34,36,48,27
1/6/99,6,11,30,36,37,48,24
1/9/99,1,3,18,23,24,35,29
1/13/99,1,2,6,10,14,29,3
1/16/99,1,3,5,27,30,45,4
1/20/99,1,10,16,38,44,45,20
1/23/99,4,5,9,17,30,41,20
1/27/99,12,29,38,46,48,49,7
1/30/99,4,22,23,38,42,43,49
2/3/99,10,17,19,23,25,35,6
2/6/99,6,11,20,28,33,49,47
2/10/99,9,26,32,41,48,49,7
2/13/98,7,12,30,35,44,49,39
2/17/99,8,15,27,40,45,46,34
2/20/99,9,16,27,28,32,45,43
2/24/99,2,17,19,20,26,41,11
2/27/99,12,24,25,29,39,42,3
3/3/99,2,3,5,10,26,27,35
3/6/99,14,32,35,47,48,49,13
3/10/99,7,9,10,13,15,34,47
3/13/99,5,24,30,33,37,40,31
3/17/99,7,9,12,30,41,44,24
3/20/99,2,12,16,19,36,37,18
3/24/99,22,26,32,38,45,46,10
3/27/99,15,21,32,34,36,38,13
3/31/99,3,12,18,28,31,36,14
4/3/99,11,22,24,31,32,36,2
4/7/99,2,25,38,42,45,48,20
4/10/99,4,23,33,34,36,47,16
4/14/99,17,20,28,34,40,42,11
4/17/99,24,28,29,31,36,40,25
4/21/99,13,20,22,32,39,43,5
4/24/99,2,9,16,35,41,48,29
4/28/99,11,14,16,17,19,26,35
5/1/99,6,12,18,20,30,45,40
5/5/99,1,26,29,37,40,43,38
5/8/99,3,4,9,24,46,49,8
5/12/99,2,5,18,29,35,37,24
5/15/99,2,14,28,30,38,45,1
5/19/99,2,5,18,36,37,47,13
5/22/99,2,8,12,27,37,39,11
5/26/99,14,16,31,34,36,44,13
5/29/99,2,10,12,15,18,36,14
6/2/99,3,14,22,37,46,48,43
6/5/99,13,23,24,37,46,47,10
6/9/99,9,12,22,26,29,32,4
6/12/99,10,22,37,38,41,42,43
6/16/99,9,11,12,17,33,42,30
6/19/99,10,29,31,32,38,47,21
6/23/99,9,15,22,37,40,49,33
6/26/99,5,21,29,30,36,42,11
6/30/99,5,20,26,34,37,46,12
7/3/99,2,5,11,15,31,36,41
7/7/99,12,16,20,26,43,44,24
7/10/99,17,23,30,36,48,49,42
7/14/99,5,9,12,42,48,49,36
7/17/99,8,14,39,41,42,49,13
7/21/99,4,7,12,17,24,32,21
7/24/99,4,7,10,25,35,38,13
7/28/99,7,24,28,37,48,49,8
7/31/99,5,14,26,31,38,48,6
8/4/99,4,11,19,21,23,40,44
8/7/99,4,10,23,25,39,42,11
8/11/99,19,27,33,41,43,46,42
8/14/99,6,8,12,13,18,46,3
8/18/99,4,7,13,31,36,37,28
8/21/99,11,14,16,21,32,39,36
8/25/99,4,19,27,28,32,36,15
8/28/99,17,26,36,39,44,47,4
9/1/99,1,10,17,20,33,45,8
9/4/99,2,12,40,42,45,47,28
9/8/99,9,18,22,25,42,49,44
9/11/99,2,3,6,15,39,44,33
9/15/99,3,5,13,20,27,29,36
9/18/99,4,7,25,30,42,47,41
9/22/99,2,11,24,29,42,46,23
9/25/99,2,19,36,45,46,47,22
9/29/99,3,4,13,34,35,36,49
10/2/99,13,20,23,31,44,49,17
10/6/99,15,19,27,29,42,48,22
10/9/99,1,2,14,25,41,44,39
10/13/99,24,37,41,44,45,47,31
10/16/99,15,16,23,38,41,46,40
10/20/99,5,14,17,32,40,46,42
10/23/99,9,19,36,40,42,48,22
10/27/99,2,3,22,32,33,34,5
10/30/99,18,20,27,34,39,43,21
11/3/99,5,26,30,34,41,44,4
11/6/99,15,16,22,33,34,43,11
11/10/99,2,8,20,28,41,42,25
11/13/99,5,14,20,22,40,43,38
11/17/99,21,26,27,32,42,44,17
11/20/99,2,10,14,24,31,45,23
11/24/99,1,19,22,29,35,48,16
11/27/99,8,11,14,34,41,42,1
12/1/99,6,9,12,21,27,32,10
12/4/99,3,8,9,33,39,49,35
12/8/99,7,14,24,27,29,49,5
12/11/99,4,9,11,16,17,44,31
12/15/99,2,20,24,25,35,45,14
12/18/99,7,32,35,36,47,48,15
12/22/99,22,23,32,34,36,47,45
12/25/99,2,8,42,45,47,49,28
12/29/99,6,10,15,17,28,44,49
1/1/00,2,34,36,41,43,45,4
1/5/00,3,12,22,35,40,47,19
1/8/00,6,16,27,30,34,35,13
1/12/00,6,14,20,32,37,44,24
1/15/00,1,9,15,26,47,48,13
1/19/00,2,6,27,40,41,47,37
1/22/00,4,14,18,36,39,44,11
1/26/00,12,17,25,44,45,47,43
1/29/00,6,7,22,33,36,40,9
2/2/00,8,20,34,36,41,43,31
2/5/00,4,20,24,44,46,47,14
2/9/00,3,11,16,24,36,43,45
2/12/00,7,22,25,35,40,42,11
2/16/00,11,18,25,28,34,44,14
2/19/00,7,9,13,25,27,47,14
2/23/00,1,5,29,32,37,43,44
2/26/00,3,5,10,41,43,45,8
3/1/00,4,10,14,19,22,27,18
3/4/00,10,14,16,19,23,36,2
3/8/00,11,21,27,29,39,45,34
3/11/00,3,12,26,34,37,41,38
3/15/00,4,5,26,29,30,34,22
3/18/00,4,16,19,26,35,43,47
3/22/00,3,8,17,24,27,43,10
3/25/00,10,30,31,35,43,44,46
3/29/00,10,11,12,19,41,48,34
4/1/00,3,16,32,39,46,49,19
4/5/00,5,9,12,20,25,27,39
4/8/00,5,10,24,27,30,45,2
4/12/00,10,29,34,42,46,47,40
4/15/00,1,18,25,41,47,48,3
4/19/00,12,16,32,44,47,49,42
4/22/00,7,14,20,24,28,39,31
4/26/00,5,24,28,35,38,42,36
4/29/00,1,6,19,25,33,48,27
5/3/00,12,19,33,36,40,44,24
5/6/00,11,12,19,34,36,45,6
5/10/00,13,19,23,40,45,49,15
5/13/00,2,10,11,27,33,37,7
5/17/00,1,13,23,36,37,48,16
5/20/00,3,5,8,14,27,31,18
5/24/00,22,23,24,27,30,45,33
5/27/00,11,14,18,27,30,42,22
5/31/00,2,5,11,25,32,34,39
6/3/00,4,8,18,32,38,45,30
6/7/00,7,10,27,42,43,47,44
6/10/00,1,4,16,22,32,37,33
6/14/00,5,6,21,26,33,40,22
6/17/00,5,7,9,33,41,48,43
6/21/00,11,15,29,31,34,46,7
6/24/00,1,17,21,27,40,44,36
6/28/00,3,13,22,23,24,25,7
7/1/00,10,15,17,20,31,44,4
7/5/00,11,15,19,27,40,48,16
7/8/00,5,10,12,38,40,41,11
7/12/00,16,21,31,35,42,44,25
7/15/00,4,20,28,34,42,49,25
7/19/00,15,17,32,42,43,45,9
7/22/00,1,12,18,23,42,47,26
7/26/00,2,3,25,37,39,40,46
7/29/00,5,12,19,35,37,43,2
8/2/00,2,3,12,27,31,47,11
8/5/00,11,33,37,40,45,46,17
8/9/00,9,21,39,42,45,49,25
8/13/00,3,13,14,18,29,40,48
8/16/00,10,15,16,32,33,41,9
8/19/00,2,11,14,22,25,34,6
8/23/00,6,8,14,17,32,47,10
8/26/00,10,23,35,41,43,47,16
8/30/00,18,19,29,40,43,49,13
9/2/00,4,6,12,27,28,46,18
9/6/00,20,27,31,40,42,45,22
9/9/00,9,11,19,22,24,42,12
9/13/00,2,10,27,29,31,49,46
9/16/00,15,20,36,37,46,49,45
9/20/00,3,6,21,30,36,40,14
9/23/00,2,20,22,31,37,49,27
9/27/00,1,24,29,35,40,45,34
9/30/00,15,18,20,24,31,41,1
10/4/00,7,14,19,40,43,49,13
10/7/00,6,24,25,40,41,44,16
10/11/00,5,6,21,35,38,46,15
10/14/00,1,10,14,19,38,45,18
10/18/00,2,9,11,23,27,45,17
10/21/00,38,43,44,45,46,47,17
10/25/00,7,12,16,29,37,43,49
10/28/00,3,10,23,40,43,46,42
11/1/00,9,13,21,23,36,47,15
11/4/00,5,6,11,20,25,47,34
11/8/00,12,21,33,39,47,49,46
11/11/00,21,26,29,42,44,49,33
11/15/00,24,25,28,36,37,42,40
11/18/00,5,9,23,28,29,48,26
11/22/00,4,32,36,37,40,49,42
11/25/00,12,23,24,31,45,46,33
11/29/00,6,13,23,24,31,42,27
12/2/00,3,6,20,24,36,47,34
12/6/00,2,14,21,25,32,47,22
12/9/00,9,19,21,30,38,40,33
12/13/00,14,16,18,19,34,40,45
12/16/00,4,17,27,33,34,45,42
12/20/00,13,41,42,45,46,49,48
12/23/00,11,15,24,30,31,33,25
12/27/00,6,9,17,33,43,45,37
12/30/00,7,9,17,27,31,48,41
1/3/01,5,7,12,37,39,46,22
1/6/01,17,30,37,41,43,48,34
1/10/01,17,25,40,42,45,49,33
1/13/01,3,5,33,40,45,46,21
1/17/01,3,9,11,28,29,47,37
1/20/01,4,9,10,19,26,36,30
1/24/01,14,25,26,33,36,44,7
1/27/01,26,30,32,37,41,47,8
1/31/01,3,19,29,34,38,45,40
2/3/01,15,17,21,22,43,45,34
2/7/01,9,23,29,38,39,43,45
2/10/01,9,11,36,38,46,47,12
2/14/01,12,13,14,32,41,43,6
2/17/01,9,13,27,28,38,42,20
2/21/01,5,10,23,36,40,44,18
2/24/01,5,12,25,34,35,45,36
2/28/01,6,9,17,18,20,39,27
3/3/01,1,2,4,18,28,35,8
3/7/01,19,20,22,24,38,42,41
3/10/01,5,7,8,12,23,28,38
3/14/01,6,20,31,36,38,44,4
3/17/01,9,17,19,22,29,37,24
3/21/01,4,20,21,27,42,47,43
3/24/01,1,27,31,33,35,47,41
3/28/01,12,19,32,34,39,43,35
3/31/01,1,12,13,28,32,44,47
4/4/01,1,16,17,24,31,32,15
4/7/01,2,11,25,27,40,44,28
4/11/01,2,8,11,24,30,36,5
4/14/01,3,12,14,30,33,40,36
4/18/01,11,16,20,25,46,48,5
4/21/01,16,17,19,27,30,37,6
4/25/01,11,18,20,27,39,46,45
4/28/01,9,15,26,28,33,39,8
5/2/01,1,31,38,43,45,46,40
5/5/01,19,20,23,39,40,43,47
5/9/01,3,5,7,10,30,43,23
5/12/01,3,6,25,26,42,44,2
5/16/01,11,17,29,34,37,45,19
5/19/01,7,8,18,29,34,44,37
5/23/01,5,9,15,21,42,43,32
5/26/01,2,19,25,30,41,45,21
5/30/01,9,11,12,22,37,48,8
6/2/01,5,6,11,17,29,37,32
6/6/01,3,10,17,22,24,40,46
6/9/01,1,14,23,25,30,41,43
6/13/01,7,18,22,30,36,43,24
6/16/01,14,19,20,21,24,28,32
6/20/01,2,3,13,17,23,32,39
6/23/01,3,15,24,36,42,47,49
6/27/01,1,3,19,27,30,48,11
6/30/01,3,8,15,32,46,48,44
7/4/01,3,5,9,31,40,41,47
7/7/01,5,17,29,31,33,46,20
7/11/01,9,23,27,31,35,48,1
7/14/01,8,21,25,35,40,41,5
7/18/01,5,10,13,19,22,47,30
7/21/01,1,11,22,27,33,49,10
7/25/01,6,8,13,24,34,46,12
7/28/01,15,26,29,41,46,48,23
8/1/01,6,33,39,41,42,44,25
8/4/01,1,11,15,33,36,49,5
8/8/01,16,19,29,35,36,38,47
8/11/01,12,14,16,23,24,45,11
8/15/01,14,22,27,32,40,47,26
8/18/01,5,19,26,29,40,42,14
8/22/01,5,13,15,28,31,34,18
8/25/01,1,7,18,23,29,43,4
8/29/01,7,9,22,23,37,42,36
9/1/01,7,8,18,23,47,48,49
9/5/01,8,9,21,34,42,43,5
9/8/01,4,22,25,27,39,45,31
9/12/01,7,15,34,38,43,45,29
9/15/01,4,22,24,32,42,43,18
9/19/01,10,24,25,30,40,48,21
9/22/01,10,19,27,29,33,36,23
9/26/01,2,6,12,17,39,47,8
9/29/01,2,11,16,18,21,33,5
10/3/01,19,20,22,28,40,42,1
10/6/01,1,18,27,28,43,47,11
10/10/01,9,25,42,43,46,47,16
10/13/01,14,17,22,32,36,49,16
10/17/01,18,21,25,34,36,45,11
10/20/01,9,10,22,38,43,44,20
10/24/01,4,12,21,26,43,46,16
10/27/01,18,21,25,26,32,48,38
10/31/01,12,15,29,30,45,47,8
11/3/01,4,8,14,26,29,43,16
11/7/01,2,5,13,18,29,42,35
11/10/01,3,13,17,26,33,35,23
11/14/01,1,20,27,42,46,48,32
11/17/01,4,15,21,31,41,49,43
11/21/01,2,8,12,18,24,35,43
11/24/01,2,7,21,33,39,46,15
11/28/01,1,21,29,42,45,47,8
12/1/01,2,3,6,7,18,36,14
12/5/01,10,13,31,43,47,48,44
12/8/01,2,3,4,18,28,43,15
12/12/01,18,30,31,32,43,44,37
12/15/01,1,8,18,31,34,37,27
12/19/01,10,17,19,20,25,35,11
12/22/01,14,27,34,38,44,45,24
12/26/01,3,6,9,10,13,20,29
12/29/01,25,26,34,36,43,46,9
1/2/02,8,9,15,22,26,39,30
1/5/02,4,19,20,35,41,46,27
1/9/02,8,12,15,23,28,39,43
1/12/02,1,7,13,30,34,36,38
1/16/02,13,17,18,28,37,44,32
1/19/02,7,9,22,35,40,47,36
1/23/02,1,7,8,33,40,44,28
1/26/02,3,27,31,34,35,40,22
1/30/02,2,4,6,11,37,47,22
2/2/02,11,17,22,26,43,48,27
2/6/02,1,5,14,15,20,43,32
2/9/02,7,14,20,30,35,36,10
2/13/02,1,2,6,24,40,47,7
2/16/02,16,29,34,40,46,48,3
2/20/02,4,15,21,29,30,35,8
2/23/02,7,28,38,39,44,48,6
2/27/02,4,7,16,36,39,40,13
3/2/02,3,11,13,28,40,47,16
3/6/02,7,18,20,26,28,31,13
3/9/02,4,6,16,38,44,45,9
3/13/02,12,14,20,23,43,47,3
3/16/02,2,17,24,26,35,47,41
3/20/02,3,11,12,17,29,41,23
3/23/02,2,4,9,31,36,40,3
3/27/02,17,26,30,34,43,48,46
3/30/02,1,18,26,34,42,48,7
4/3/02,3,8,29,40,43,44,17
4/6/02,1,11,14,18,20,38,37
4/10/02,3,5,24,26,33,46,11
4/13/02,15,27,35,38,44,46,23
4/17/02,19,35,36,39,44,48,11
4/20/02,18,20,27,32,34,36,3
4/24/02,7,22,35,36,41,49,40
4/27/02,3,8,12,36,40,47,21
5/1/02,1,6,25,31,33,43,49
5/4/02,15,23,38,39,44,49,18
5/8/02,1,10,30,37,44,49,39
5/11/02,9,33,36,40,46,47,35
5/15/02,1,4,14,20,41,44,9
5/18/02,13,15,24,34,42,47,23
5/22/02,4,8,9,26,34,43,48
5/25/02,12,28,31,34,36,42,30
5/29/02,2,6,8,15,24,44,21
6/1/02,7,8,12,37,46,48,41
6/5/02,1,2,9,15,20,38,13
6/8/02,2,12,19,38,43,48,13
6/12/02,3,4,15,18,34,47,45
6/15/02,20,29,38,39,42,46,23
6/19/02,5,10,34,35,36,45,18
6/22/02,12,15,18,23,24,46,9
6/26/02,2,10,20,25,44,48,27
6/29/02,8,22,41,43,48,49,46
7/3/02,25,27,28,36,37,40,17
7/6/02,10,21,23,28,31,39,7
7/10/02,1,5,7,10,26,49,19
7/13/02,19,27,29,30,40,45,4
7/17/02,3,10,16,36,39,46,42
7/20/02,9,26,28,30,37,41,11
7/24/02,2,4,8,15,22,49,31
7/27/02,1,5,13,22,28,43,9
7/31/02,9,11,27,33,40,42,25
8/3/02,4,14,24,27,30,40,38
8/7/02,2,16,21,22,28,47,18
8/10/02,13,16,18,27,43,45,25
8/14/02,11,28,33,37,40,46,16
8/17/02,14,20,22,41,43,49,16
8/21/02,4,7,13,25,37,45,33
8/24/02,2,7,21,43,44,46,29
8/28/02,2,11,20,29,30,48,38
8/31/02,6,7,10,11,14,47,28
9/4/02,2,8,10,14,31,39,30
9/7/02,3,4,8,12,24,28,31
9/11/02,2,8,12,15,28,49,21
9/14/02,6,16,23,31,34,39,24
9/18/02,4,14,39,42,46,48,26
9/21/02,3,19,29,34,35,36,11
9/25/02,2,24,33,34,36,37,48
9/28/02,5,16,17,31,38,45,1
10/2/02,1,14,16,18,38,49,13
10/5/02,12,13,16,20,24,26,1
10/9/02,12,21,23,26,34,47,3
10/12/02,6,18,23,24,28,46,38
10/16/02,2,14,23,36,46,47,25
10/19/02,10,14,20,28,32,40,33
10/23/02,7,11,24,29,32,36,42
10/26/02,5,6,14,29,33,47,43
10/30/02,5,6,13,22,29,46,8
11/2/02,4,6,11,21,27,48,3
11/6/02,2,8,19,31,43,48,46
11/9/02,12,13,30,31,44,49,45
11/13/02,6,7,16,25,40,48,17
11/16/02,20,24,26,27,33,41,8
11/20/02,21,29,32,38,40,42,47
11/23/02,7,10,15,19,24,29,25
11/27/02,7,9,11,26,35,48,28
11/30/02,1,2,12,30,37,43,47
12/4/02,1,3,4,11,34,40,47
12/7/02,1,14,26,30,33,38,21
12/11/02,5,8,13,37,40,43,26
12/14/02,7,19,21,30,36,44,39
12/18/02,10,11,26,34,40,44,5
12/21/02,26,29,35,45,48,49,27
12/25/02,1,17,19,22,36,44,21
12/28/02,12,14,15,27,28,39,34
1/1/03,2,5,32,34,38,49,7
1/4/03,5,13,21,30,37,46,18
1/8/03,1,2,12,16,28,41,11
1/11/03,5,9,26,28,32,41,40
1/15/03,15,17,25,36,38,45,14
1/18/03,4,6,11,25,30,44,21
1/22/03,18,22,26,29,35,37,24
1/25/03,9,14,17,32,39,49,36
1/29/03,1,6,29,34,41,46,10
2/1/03,1,5,29,43,44,48,16
2/5/03,7,9,33,35,45,47,36
2/8/03,15,23,24,28,30,41,5
2/12/03,8,23,29,34,40,47,4
2/15/03,3,11,12,25,32,38,36
2/19/03,3,24,27,29,32,45,6
2/22/03,2,6,17,34,46,48,49
2/26/03,1,5,18,19,24,28,30
3/1/03,5,17,22,34,40,47,45
3/5/03,6,8,19,27,45,46,34
3/8/03,8,20,22,24,33,44,30
3/12/03,16,18,21,22,32,33,5
3/15/03,7,15,29,33,40,45,39
3/19/03,2,20,30,43,44,47,4
3/22/03,5,24,31,37,38,47,10
3/26/03,4,6,7,18,46,47,36
3/29/03,5,7,18,30,37,46,19
4/2/03,1,25,32,33,34,35,7
4/5/03,15,21,31,36,44,49,5
4/9/03,8,10,15,16,31,46,25
4/12/03,5,7,9,25,28,48,27
4/16/03,8,18,21,26,42,48,31
4/19/03,4,12,40,43,48,49,27
4/23/03,6,9,14,29,34,45,49
4/26/03,3,17,20,30,32,35,6
4/30/03,6,7,19,29,43,47,24
5/3/03,5,12,31,35,37,46,9
5/7/03,4,20,28,33,43,48,8
5/10/03,5,13,15,20,24,42,41
5/14/03,7,32,37,38,44,45,40
5/17/03,11,17,29,39,41,48,25
5/21/03,3,7,16,26,38,47,10
5/24/03,6,12,15,25,31,47,46
5/28/03,6,16,20,29,33,45,39
5/31/03,14,18,22,23,31,45,32
6/4/03,18,19,29,33,40,47,43
6/7/03,17,20,23,30,40,47,11
6/11/03,3,9,24,37,46,49,14
6/14/03,7,8,21,22,27,29,47
6/18/03,1,11,29,30,42,44,10
6/21/03,12,22,25,34,39,40,32
6/25/03,10,14,15,27,41,47,36
6/28/03,7,9,19,20,25,44,34
7/2/03,5,8,12,14,25,37,6
7/5/03,4,15,26,37,41,45,40
7/9/03,4,6,9,13,46,48,31
7/12/03,4,8,13,21,29,35,3
7/16/03,14,21,26,33,35,46,42
7/19/03,4,13,33,36,41,47,46
7/23/03,2,7,15,36,37,49,9
7/26/03,11,22,26,35,41,46,8
7/30/03,4,6,12,18,41,48,8
8/2/03,6,13,23,26,33,34,7
8/6/03,4,16,27,31,37,38,44
8/9/03,5,7,10,13,27,29,43
8/13/03,5,6,13,16,27,30,44
8/16/03,11,15,17,19,32,39,30
8/20/03,12,16,20,29,36,47,24
8/23/03,2,6,19,27,35,47,1
8/27/03,7,14,20,23,38,46,32
8/30/03,3,6,37,38,45,47,11
9/3/03,13,15,16,18,26,33,9
9/6/03,11,27,41,45,46,49,22
9/10/03,1,15,24,34,40,48,12
9/13/03,12,21,26,37,43,49,25
9/17/03,6,11,13,30,31,37,34
9/20/03,1,6,23,35,36,39,18
9/24/03,3,5,11,34,38,47,25
9/27/03,7,8,16,37,43,44,15
10/1/03,1,11,17,41,42,45,13
10/4/03,3,28,29,32,37,45,34
10/8/03,3,11,18,34,37,41,5
10/11/03,6,9,21,25,27,32,13
10/15/03,1,10,14,16,25,39,46
10/18/03,10,25,26,38,46,49,37
10/22/03,11,17,26,31,40,44,34
10/25/03,8,13,16,19,33,49,26
10/29/03,8,9,22,29,37,49,33
11/1/03,1,8,18,29,31,41,43
11/5/03,5,6,13,34,35,43,15
11/8/03,2,23,28,43,47,49,29
11/12/03,3,4,41,44,45,48,18
11/15/03,18,27,33,34,44,47,42
11/19/03,9,10,13,23,28,29,33
11/22/03,2,16,25,34,34,48,13
11/26/03,3,5,7,25,40,47,42
11/29/03,13,17,26,27,29,45,6
12/3/03,3,11,27,31,33,35,1
12/6/03,7,21,31,38,42,48,14
12/10/03,2,13,14,24,29,42,17
12/13/03,5,7,10,30,34,35,1
12/17/03,5,14,17,25,34,44,11
12/20/03,4,18,20,31,39,48,9
12/24/03,5,12,21,28,30,45,38
12/27/03,5,9,17,31,37,44,3
12/31/03,13,14,17,20,39,40,23
1/3/04,9,13,24,36,44,45,30
1/7/04,2,6,13,20,42,48,37
1/10/04,13,16,18,21,32,33,26
1/14/04,1,7,12,24,44,49,5
1/17/04,2,12,25,40,41,47,14
1/21/04,1,7,26,40,43,45,46
1/24/04,3,8,17,20,26,47,38
1/28/04,3,14,20,23,25,45,12
1/31/04,1,20,23,36,38,49,7
2/4/04,8,22,37,38,45,47,43
2/7/04,3,14,26,27,35,44,28
2/11/04,4,10,14,19,21,28,12
2/14/04,1,5,12,17,31,44,46
2/18/04,21,22,26,27,40,47,3
2/21/04,4,5,26,33,38,44,49
2/25/04,1,9,25,27,37,40,45
2/28/04,3,15,17,26,27,46,38
3/3/04,1,2,7,16,43,44,20
3/6/04,12,17,25,26,43,44,2
3/10/04,2,17,35,41,46,48,5
3/13/04,9,27,32,38,39,49,46
3/17/04,2,23,25,33,34,41,3
3/20/04,9,13,21,25,38,41,33
3/24/04,5,15,19,24,26,46,43
3/27/04,7,19,31,43,45,49,36
3/31/04,2,3,17,18,19,46,30
4/3/04,3,17,22,25,40,46,27
4/7/04,1,10,18,20,30,40,34
4/10/04,20,33,36,45,46,47,39
4/14/04,9,12,14,19,31,43,32
4/17/04,11,13,18,20,24,29,8
4/21/04,12,24,32,36,39,47,43
4/24/04,4,6,15,22,23,27,25
4/28/04,16,30,36,39,45,47,22
5/1/04,8,21,24,26,34,38,14
5/5/04,5,13,16,20,28,31,4
5/8/04,4,7,24,39,43,44,23
5/12/04,1,10,26,29,40,45,18
5/15/04,21,24,30,32,40,41,7
5/19/04,5,16,24,26,46,48,11
5/22/04,1,11,12,15,32,46,20
5/26/04,14,35,37,44,46,48,13
5/29/04,24,29,30,31,34,46,38
6/2/04,1,4,20,21,26,43,7
6/5/04,12,13,17,26,43,45,11
6/9/04,7,23,24,27,41,42,49
6/12/04,4,10,28,29,30,46,2
6/16/04,4,22,30,39,46,47,49
6/19/04,1,33,40,41,45,48,46
6/23/04,4,6,15,22,27,40,26
6/26/04,1,7,8,10,18,36,42
6/30/04,2,21,31,32,41,49,7
7/3/04,1,11,14,20,31,40,26
7/7/04,2,7,26,35,39,43,17
7/10/04,4,26,30,31,48,49,23
7/14/04,7,19,32,35,36,43,12
7/17/04,10,18,23,26,41,43,42
7/21/04,19,21,24,25,45,46,39
7/24/04,6,13,17,19,24,29,35
7/28/04,4,8,25,29,36,37,14
7/31/04,3,21,31,40,43,49,23
8/4/04,6,7,9,11,30,43,4
8/7/04,3,12,23,30,36,37,35
8/11/04,4,16,18,28,30,38,35
8/14/04,13,29,31,36,37,42,25
8/18/04,3,4,13,21,27,29,19
8/21/04,28,30,31,37,39,46,34
8/25/04,9,16,22,23,33,45,46
8/28/04,17,19,23,24,28,38,12
9/1/04,1,2,21,30,31,38,46
9/4/04,2,4,5,44,46,47,3
9/8/04,10,26,37,40,42,47,5
9/11/04,7,10,21,29,32,43,27
9/15/04,1,3,15,16,22,39,37
9/18/04,7,11,15,39,42,48,40
9/22/04,13,30,32,33,42,46,5
9/25/04,15,17,20,21,44,47,26
9/29/04,10,12,14,27,34,36,26
10/2/04,4,9,14,27,35,48,32
10/6/04,20,26,29,31,40,49,18
10/9/04,16,23,33,35,43,49,6
10/13/04,6,15,22,30,31,48,1
10/16/04,1,3,11,40,42,48,35
10/20/04,2,3,13,14,31,36,9
10/23/04,1,8,13,24,27,43,36
10/27/04,29,30,33,34,37,46,47
10/30/04,18,26,29,39,43,45,9
11/3/04,10,18,19,37,43,48,12
11/6/04,1,6,16,34,37,41,12
11/10/04,2,9,19,33,35,45,12
11/13/04,4,6,7,17,31,36,27
11/17/04,13,24,30,41,43,47,17
11/20/04,28,30,38,44,45,48,18
11/24/04,15,17,19,20,35,38,31
11/27/04,12,15,30,38,47,48,27
12/1/04,4,23,26,35,36,40,48
12/4/04,16,24,26,30,39,42,6
12/8/04,5,11,25,28,35,49,46
12/11/04,2,9,40,43,47,48,39
12/15/04,1,17,32,35,38,48,26
12/18/04,3,18,27,32,37,40,42
12/22/04,11,17,35,38,43,47,42
12/25/04,4,13,16,32,35,37,34
12/29/04,6,11,21,37,40,46,35
1/1/05,10,16,17,34,40,47,41
1/5/05,1,2,30,36,42,43,23
1/8/05,3,15,18,19,32,48,17
1/12/05,1,13,21,34,36,42,8
1/15/05,1,8,27,33,34,42,21
1/19/05,2,5,18,21,34,43,36
1/22/05,8,10,33,41,42,45,35
1/26/05,8,9,13,17,34,44,12
1/29/05,4,24,26,37,41,43,11
2/2/05,2,6,7,13,31,36,32
2/5/05,11,17,26,31,46,48,1
2/9/05,10,15,21,23,28,37,41
2/12/05,5,12,16,26,37,43,40
2/16/05,4,5,17,18,34,38,1
2/19/05,12,16,27,35,39,41,24
2/23/05,5,8,10,32,48,49,29
2/26/05,4,12,22,37,43,49,8
3/2/05,3,16,19,22,23,25,32
3/5/05,6,12,20,21,24,43,22
3/9/05,4,10,11,18,23,34,49
3/12/05,6,7,8,30,34,43,19
3/16/05,8,10,18,19,25,41,34
3/19/05,2,9,12,30,34,43,19
3/23/05,1,14,32,33,37,40,7
3/26/05,2,19,27,32,41,43,24
3/30/05,7,10,24,27,30,47,41
4/2/05,4,12,24,25,38,41,11
4/6/05,7,8,24,25,38,41,11
4/9/05,7,10,11,47,48,49,26
4/13/05,11,12,23,29,30,40,9
4/16/05,2,11,16,31,33,41,17
4/20/05,8,9,12,20,45,48,39
4/23/05,18,19,23,29,33,45,8
4/27/05,9,14,17,22,26,46,3
4/30/05,10,11,18,21,32,42,19
5/4/05,12,19,23,24,29,44,28
5/7/05,6,26,28,30,33,34,49
5/11/05,9,10,16,18,20,49,46
5/14/05,5,11,20,23,27,28,42
5/18/05,2,5,6,12,19,36,7
5/21/05,1,21,23,27,40,45,38
5/25/05,10,12,16,21,29,48,1
5/28/05,6,12,17,28,37,46,11
6/1/05,3,14,25,29,33,42,21
6/4/05,11,16,18,19,21,23,41
6/8/05,3,8,20,22,38,49,5
6/11/05,3,4,11,28,30,45,16
6/15/05,7,10,13,33,39,42,47
6/18/05,5,6,7,36,38,46,20
6/22/05,9,10,13,30,33,39,32
6/25/05,2,10,11,17,26,44,25
6/29/05,19,42,43,44,46,47,26
7/2/05,2,18,22,38,39,44,10
7/6/05,5,7,23,25,31,49,16
7/9/05,3,8,10,23,26,28,22
7/13/05,1,7,8,14,32,33,26
7/16/05,14,22,23,32,43,49,34
7/20/05,2,7,22,27,45,48,42
7/23/05,12,22,25,30,33,38,17
7/27/05,8,19,22,30,34,47,18
7/30/05,10,16,21,29,38,45,25
8/3/05,4,5,6,10,23,35,18
8/6/05,6,22,28,36,41,48,24
8/10/05,4,10,16,22,39,42,43
8/13/05,10,17,21,40,44,45,39
8/17/05,4,7,24,27,28,41,37
8/20/05,4,14,17,23,26,38,47
8/24/05,3,22,25,32,36,41,9
8/27/05,2,32,39,42,45,46,49
8/31/05,1,18,30,33,36,47,23
9/3/05,8,12,22,37,42,46,24
9/7/05,2,3,16,37,45,49,22
9/10/05,6,8,26,33,35,42,41
9/14/05,2,6,18,25,30,32,11
9/17/05,4,7,13,33,40,47,37
9/21/05,15,17,24,26,34,35,8
9/24/05,15,20,32,39,40,47,30
9/28/05,4,11,21,27,38,41,36
10/1/05,9,14,19,23,43,45,20
10/5/05,1,12,15,16,21,35,40
10/8/05,5,13,15,17,24,27,29
10/12/05,11,15,23,34,35,36,28
10/15/05,1,20,31,32,45,46,39
10/19/05,11,19,33,35,39,40,32
10/22/05,3,21,25,26,31,40,44
10/26/05,5,11,20,30,37,43,31
10/29/05,4,14,19,25,26,49,21
11/2/05,9,13,14,40,43,49,32
11/6/05,4,30,39,42,45,46,38
11/9/05,7,30,36,39,42,49,9
11/12/05,1,14,24,30,35,45,9
11/16/05,11,14,36,40,43,45,25
11/19/05,1,6,8,11,23,46,13
11/23/05,4,6,10,17,33,49,37
11/26/05,15,21,31,35,41,46,22
11/30/05,5,18,22,28,29,32,17
12/3/05,16,19,21,25,35,45,24
12/7/05,2,8,12,19,23,41,49
12/10/05,6,18,23,37,40,45,48
12/14/05,4,19,24,31,35,43,7
12/17/05,4,13,18,19,42,43,45
12/21/05,4,9,25,27,31,33,44
12/24/05,16,17,18,23,28,33,27
12/28/05,6,7,10,29,42,44,25
12/31/05,10,13,31,33,34,35,22
1/4/06,6,21,33,42,43,46,25
1/7/06,5,20,28,30,41,42,16
1/11/06,12,35,36,43,44,45,46
1/14/06,11,29,35,36,44,48,30
1/18/06,3,8,9,20,22,35,4
1/21/06,3,5,10,21,30,37,8
1/25/06,7,14,20,21,42,45,18
1/28/06,9,19,22,33,37,46,35
2/1/06,2,12,14,41,42,43,20
2/4/06,2,16,17,29,39,41,11
2/8/06,19,29,33,40,46,48,34
2/11/06,5,21,29,30,36,45,49
2/15/06,12,13,15,32,40,43,47
2/18/06,17,20,24,28,31,41,25
2/22/06,8,26,31,35,36,47,24
2/25/06,7,9,13,23,26,47,28
3/1/06,9,15,22,33,38,48,10
3/4/06,7,28,35,40,42,48,46
3/8/06,11,15,18,33,42,49,21
3/11/06,12,13,19,20,21,29,38
3/15/06,2,7,15,23,25,45,41
3/18/06,1,6,31,37,44,45,19
3/22/06,8,12,17,23,36,38,43
3/25/06,17,23,24,33,35,41,47
3/29/06,1,14,23,35,47,49,5
4/1/06,4,6,8,12,34,38,14
4/5/06,10,19,20,35,36,38,26
4/8/06,1,6,8,10,15,20,34
4/12/06,11,14,15,29,31,47,19
4/15/06,2,3,9,21,26,29,42
4/19/06,3,7,16,18,29,49,32
4/22/06,21,22,23,24,48,49,3
4/26/06,1,25,35,36,37,44,15
4/29/06,4,29,35,40,43,45,9
5/3/06,1,17,24,29,34,46,27
5/6/06,6,28,30,31,34,48,47
5/10/06,3,17,36,44,45,48,8
5/13/06,2,10,11,16,42,43,21
5/17/06,9,19,20,24,36,48,10
5/20/06,15,18,22,31,43,49,26
5/24/06,1,15,18,19,29,37,5
5/27/06,9,15,18,34,35,45,6
5/31/06,11,14,34,40,42,43,6
6/3/06,8,20,21,27,36,48,11
6/7/06,11,12,14,27,34,48,8
6/10/06,18,23,32,34,41,46,49
6/14/06,10,11,36,38,46,48,26
6/17/06,11,14,20,25,31,36,48
6/21/06,4,17,34,39,41,46,26
6/24/06,2,20,26,29,37,45,17
6/28/06,3,5,19,20,34,47,31
7/1/06,11,19,36,41,46,49,38
7/5/06,2,21,22,29,34,35,7
7/8/06,11,14,29,33,42,44,7
7/12/06,6,26,30,38,44,45,16
7/15/06,13,17,21,33,41,42,38
7/19/06,8,13,21,22,24,39,4
7/22/06,2,6,9,20,43,44,46
7/26/09,3,7,15,38,43,47,32
7/29/06,13,16,21,42,46,49,8
8/2/06,6,26,27,33,41,42,24
8/5/06,2,13,19,25,30,32,40
8/9/06,13,15,28,29,33,47,25
8/12/06,3,10,21,23,33,44,43
8/16/06,3,4,8,25,41,48,22
8/19/06,9,10,19,43,47,49,29
8/23/06,4,7,16,23,27,39,3
8/26/06,1,9,10,24,32,35,39
8/30/06,1,9,15,26,29,32,46
9/2/06,3,9,10,14,17,19,12
9/6/06,3,8,20,26,37,46,27
9/9/06,13,22,31,32,34,48,26
9/13/06,19,30,32,33,38,41,14
9/16/06,5,13,14,29,39,40,34
9/20/06,10,30,41,43,45,47,34
9/23/06,6,11,19,20,32,39,38
9/27/06,15,23,38,40,41,49,2
9/30/06,1,10,18,24,31,46,19
10/4/06,12,13,22,26,37,45,14
10/7/06,15,20,33,37,39,45,13
10/11/06,8,12,24,30,34,35,47
10/14/06,9,14,22,45,47,49,25
10/18/06,6,18,25,34,45,49,41
10/21/06,2,4,25,29,41,43,38
10/25/06,9,33,37,38,42,49,31
10/28/06,1,10,26,38,39,47,45
11/1/06,2,18,24,25,30,40,45
11/4/06,6,23,30,33,37,41,17
11/8/06,3,4,20,38,42,48,34
11/11/06,3,5,6,7,26,40,16
11/15/06,5,8,34,37,44,47,24
11/18/06,1,11,22,25,39,41,44
11/22/06,3,8,14,28,31,39,32
11/25/06,1,18,20,23,41,47,37
11/29/06,5,9,14,31,37,46,8
12/2/06,8,32,33,43,46,49,1
12/6/06,2,6,12,18,22,29,4
12/9/06,4,11,18,20,29,44,24
12/13/06,8,11,22,27,33,36,1
12/16/06,7,22,24,30,38,46,41
12/20/06,2,9,12,29,33,37,46
12/23/06,4,6,19,22,23,45,43
12/27/06,4,5,12,24,38,45,22
12/30/06,10,14,18,40,45,49,1
1/3/07,4,14,17,20,38,48,7
1/6/07,19,20,33,43,45,47,38
1/10/07,9,16,19,41,46,49,4
1/13/07,1,2,3,19,25,41,31
1/17/07,5,7,9,30,39,40,25
1/20/07,24,40,45,47,48,49,7
1/24/07,6,11,20,26,34,45,2
1/27/07,6,9,17,20,22,40,7
1/31/07,2,6,9,11,14,37,25
2/3/07,10,13,24,27,37,39,14
2/7/07,4,8,11,27,37,47,21
2/10/07,8,13,23,37,41,42,26
2/14/07,10,24,35,40,41,45,39
2/17/07,13,20,31,36,43,46,19
2/21/07,5,6,17,21,31,46,49
2/24/07,4,6,15,33,38,40,13
2/28/07,3,6,12,15,43,44,37
3/3/07,3,21,27,37,43,44,9
3/7/07,7,9,21,29,31,47,12
3/10/07,9,18,28,37,42,49,24
3/14/07,12,19,22,34,46,47,36
3/17/07,13,21,23,27,28,34,31
3/21/07,3,7,26,30,33,46,32
3/24/07,1,13,19,26,32,46,28
3/28/07,7,20,24,25,29,45,36
3/31/07,4,9,16,32,37,41,5
4/4/07,5,16,21,25,40,48,31
4/7/07,10,12,23,26,35,37,47
4/11/07,6,10,21,24,38,48,26
4/14/07,6,15,22,26,41,49,9
4/18/07,14,22,25,30,44,48,1
4/21/07,17,29,33,43,45,49,18
4/25/07,3,6,12,19,24,29,40
4/28/07,3,19,20,23,35,38,48
5/2/07,22,24,32,33,37,41,46
5/5/07,1,23,26,28,33,40,10
5/9/07,11,17,27,32,39,49,19
5/12/07,5,7,13,27,45,47,11
5/16/07,11,14,31,33,37,45,9
5/19/07,8,16,33,37,40,42,35
5/23/07,4,13,19,23,33,48,16
5/26/07,6,17,29,32,36,47,37
5/30/07,3,16,20,27,34,35,38
6/2/07,8,16,19,32,40,46,28
6/6/07,2,11,24,31,39,49,9
6/9/07,10,20,25,41,44,46,6
6/13/07,2,10,19,36,40,48,18
6/16/07,3,15,31,33,43,48,24
6/20/07,4,7,13,41,44,47,19
6/23/07,7,20,24,37,43,49,21
6/27/07,7,14,17,19,34,37,11
6/30/07,6,12,25,43,45,47,31
7/4/07,20,25,26,39,42,44,10
7/7/07,10,19,25,31,37,40,1
7/11/07,4,14,21,29,36,41,46
7/14/07,10,27,33,38,40,49,21
7/18/07,2,3,18,31,38,46,17
7/21/07,9,10,22,29,38,41,11
7/25/07,8,11,12,18,40,42,17
7/28/07,1,5,17,32,39,45,40
8/1/07,7,21,23,37,43,48,35
8/4/07,9,17,18,20,41,49,46
8/8/07,2,15,28,41,42,46,3
8/11/07,1,17,23,34,37,49,13
8/15/07,3,16,22,27,28,32,5
8/18/07,2,12,32,34,38,48,43
8/22/07,2,7,18,32,36,43,22
8/25/07,9,19,31,35,39,42,1
8/29/07,7,21,22,24,30,31,29
9/1/07,11,17,18,28,31,46,42
9/5/07,17,18,20,22,25,36,11
9/8/07,3,8,16,20,24,25,23
9/12/07,10,11,16,21,24,38,23
9/15/07,9,39,40,43,46,48,24
9/19/07,5,17,24,36,41,49,39
9/22/07,5,8,12,15,39,47,40
9/26/07,21,25,32,35,40,47,6
9/29/07,9,19,26,29,39,45,33
10/3/07,3,17,18,24,31,32,42
10/6/07,5,15,30,35,41,48,6
10/10/07,9,37,39,45,47,48,4
10/13/07,1,26,30,32,39,47,21
10/17/07,12,24,33,36,39,45,28
10/20/07,7,8,13,26,32,35,41
10/24/07,8,9,31,42,45,49,19
10/27/07,12,13,17,34,40,47,9
10/31/07,2,8,23,25,33,48,43
11/3/07,8,23,33,40,46,49,37
11/7/07,4,12,24,25,37,49,33
11/10/07,3,13,14,17,20,42,40
11/14/07,3,15,24,25,40,44,39
11/17/07,14,17,27,41,47,48,24
11/21/07,2,10,13,15,28,41,38
11/24/07,1,10,25,27,30,36,41
11/28/07,7,13,27,37,40,46,11
12/1/07,16,21,31,40,43,45,37
12/5/07,1,2,23,29,30,42,12
12/8/07,2,9,11,22,35,45,31
12/12/07,6,24,31,32,34,39,22
12/15/07,3,11,32,34,44,48,33
12/19/07,6,9,15,32,37,48,38
12/22/07,8,17,30,36,40,47,24
12/26/07,8,10,12,14,31,39,9
12/29/07,7,13,16,24,35,42,1
1/2/08,4,6,7,16,32,45,43
1/5/08,3,22,25,36,39,40,41
1/9/05,5,22,25,30,45,46,41
1/12/08,3,10,32,43,44,46,35
1/16/08,7,15,34,39,41,49,22
1/19/08,13,18,22,29,37,49,47
1/23/08,6,10,13,20,32,37,34
1/26/08,1,5,11,37,44,47,36
1/30/08,1,20,21,23,40,41,12
2/2/08,7,11,13,34,46,47,9
2/6/08,2,4,11,30,34,47,42
2/9/08,3,17,26,33,39,46,18
2/13/08,14,24,26,29,41,46,22
2/16/08,19,29,33,35,44,49,22
2/20/08,1,6,8,38,39,40,31
2/23/08,4,14,20,31,32,42,18
2/27/08,2,4,17,33,36,45,35
1/3/08,3,7,9,28,31,43,2
5/3/08,17,20,33,35,37,40,25
3/8/08,11,12,13,16,46,48,28
3/12/08,3,11,22,29,41,44,48
3/15/08,3,9,11,19,30,39,20
3/19/08,23,40,41,42,44,45,43
3/22/08,5,6,10,25,36,38,7
3/26/08,1,6,15,27,33,40,46
3/29/08,4,7,10,12,26,33,24
4/2/08,2,5,8,20,21,33,11
4/5/08,16,18,21,27,36,43,44
4/9/08,20,21,22,29,39,41,25
4/12/08,1,13,23,35,38,42,22
4/16/08,13,25,34,35,47,48,22
4/19/08,5,27,30,32,46,49,9
4/23/08,12,24,25,29,41,45,14
4/26/08,1,2,18,38,42,45,30
4/30/08,3,6,19,23,39,43,14
5/3/08,3,6,15,27,40,44,41
5/7/08,13,22,29,33,46,49,18
5/10/08,13,15,17,26,34,48,25
5/14/08,9,20,22,28,35,42,15
5/17/08,5,21,35,38,47,48,45
5/21/08,3,4,7,19,28,32,6
5/24/08,3,16,22,39,42,49,28
5/28/08,3,4,22,23,26,28,8
5/31/08,2,9,11,22,34,35,26
6/4/08,5,21,25,32,33,41,45
6/7/08,27,29,33,36,43,48,24
6/11/08,2,24,33,35,44,48,37
6/14/08,6,9,14,18,42,44,36
6/18/08,2,12,31,40,44,45,11
6/21/08,6,7,14,16,17,27,32
6/25/08,1,23,29,34,37,45,8
6/28/08,4,16,20,23,28,44,32
7/2/08,12,18,19,35,42,43,44
7/5/08,2,7,8,32,13,49,48
7/9/08,2,25,28,40,45,46,34
7/12/08,15,18,19,21,24,35,37
7/16/08,3,10,16,17,25,39,19
7/19/08,10,20,28,36,40,46,23
07/23/08,7,9,25,35,40,48,1
07/26/08,2,6,20,23,38,45,24
07/30/08,3,10,21,26,38,43,48
08/02/08,2,9,26,44,47,49,34
08/06/08,10,18,22,26,34,38,39
08/09/08,1,34,37,39,40,42,11
08/13/08,1,16,28,29,39,45,23
08/16/08,12,16,19,32,42,49,3
08/20/08,3,6,9,27,28,36,45
08/23/08,3,7,13,30,38,46,24
08/27/08,2,12,25,28,35,48,3
08/30/08,2,26,29,36,37,45,31
09/03/08,5,21,28,32,43,46,13
09/06/08,2,5,9,17,32,35,36
9/10/2008,2,15,25,31,38,49,48
9/13/2008,5,18,20,26,37,39,14
9/17/2008,7,9,17,23,27,32,22
9/20/2008,2,10,24,31,33,49,3
9/24/2008,10,27,36,40,42,43,37
9/27/2008,11,19,29,33,44,46,34
10/1/2008,2,8,22,29,34,48,47
10/4/2008,12,19,23,25,36,46,2
10/8/2008,4,13,19,32,40,45,28
10/11/2008,7,8,23,38,39,45,47
10/15/2008,7,9,15,21,38,40,13
10/18/2008,11,13,26,32,34,44,2
10/22/2008,8,9,12,20,42,45,39
10/25/2008,4,9,25,26,41,46,40
10/29/2008,1,3,26,33,42,46,45
11/1/2008,18,25,33,40,42,49,19
11/5/2008,4,13,17,27,35,45,34
11/8/2008,2,3,19,28,36,45,39
11/12/2008,12,30,34,38,39,43,36
11/15/2008,8,9,12,16,19,21,47
11/19/2008,24,28,34,38,44,45,35
11/22/08,9,21,28,37,44,49,19
11/26/08,11,33,34,42,43,48,7
11/29/08,9,12,16,26,30,37,27
12/3/08,2,8,12,22,36,37,23
12/6/08,4,8,29,37,40,48,45
12/10/08,6,12,18,27,42,43,7
12/13/08,4,15,34,36,43,47,9
12/17/08,11,18,22,28,30,49,25
12/20/08,4,7,8,10,47,48,6
12/24/08,11,12,29,32,35,43,26
12/27/08,6,10,20,23,45,47,11
12/31/08,5,7,23,33,37,38,26
1/3/09,4,13,17,25,36,48,28
1/7/09,10,13,19,35,39,41,4
1/10/09,11,17,18,25,27,34,19
1/14/09,20,35,36,37,39,49,38
1/17/09,8,12,20,28,39,47,10
1/21/09,8,32,34,39,43,48,25
1/24/09,9,13,20,29,45,46,5
1/28/09,1,6,20,22,24,46,36
1/31/09,14,15,20,28,34,39,41
2/4/09,15,16,22,31,43,44,32
2/7/09,14,20,24,30,34,37,31
2/11/2009,1,6,17,19,41,42,31
2/14/2009,16,25,29,37,45,49,20
2/18/2009,11,17,34,37,41,49,5
2/21/2009,11,20,33,34,37,39,22
2/25/2009,5,11,26,31,36,39,4
2/28/2009,2,8,26,46,48,49,34
3/4/2009,7,15,23,25,27,40,43
3/7/2009,8,12,14,22,29,49,11
3/11/2009,2,18,20,23,24,48,30
3/14/2009,4,11,13,16,41,45,35
3/18/2009,11,27,29,33,34,44,36
3/21/2009,14,19,34,37,39,42,47
3/25/2009,9,16,34,42,44,48,13
3/28/2009,6,10,33,39,40,48,43
4/1/2009,4,6,24,32,46,48,8
4/4/2009,17,20,22,37,40,48,33
4/8/2009,2,5,13,24,35,43,18
4/11/2009,5,6,7,11,17,34,48
4/15/2009,6,13,23,34,41,43,27
4/18/2009,4,5,21,33,42,47,24
4/22/2009,10,12,21,38,41,42,28
4/25/2009,1,11,17,29,31,46,35
4/29/2009,8,20,22,29,33,49,48
5/2/2009,8,15,17,22,30,40,11
5/6/2009,1,4,9,20,30,44,18
5/9/2009,14,19,23,31,34,39,24
5/13/2009,6,10,24,28,31,46,25
5/16/2009,16,17,23,27,30,45,39
05/20/09,4,22,26,29,39,48,31
05/23/09,7,8,15,24,27,32,34
05/27/09,3,4,24,26,29,49,13
05/30/09,1,7,19,21,39,45,42
06/03/09,5,6,14,30,38,39,34
06/06/09,11,12,18,21,30,37,1
06/10/09,9,27,28,40,45,48,24
06/13/09,1,15,20,30,41,48,10
06/17/09,4,5,8,15,19,40,22
06/20/09,4,5,19,28,31,38,34
06/24/09,13,19,23,33,38,48,2
06/27/09,5,15,28,31,32,45,11
07/01/09,2,5,19,26,29,31,28
07/04/09,1,14,23,27,32,44,48
07/08/09,12,32,35,36,37,46,23
07/11/09,9,11,18,23,29,40,26
07/15/09,3,5,16,26,40,45,31
07/18/09,2,4,15,39,45,49,37
07/22/09,8,14,24,36,40,42,19
07/25/09,10,19,29,32,38,44,3
07/29/09,3,23,29,37,44,45,39
08/01/09,13,14,24,31,40,48,44
08/05/09,2,5,12,31,34,48,44
08/08/09,11,22,31,32,40,49,13
08/12/09,7,10,31,32,42,47,30
08/15/09,5,6,15,31,38,39,36
08/19/09,5,6,22,23,25,27,32
08/22/09,15,19,23,38,43,49,33
08/26/09,4,6,9,29,33,49,15
08/29/09,9,10,26,29,32,37,12
09/02/09,4,6,9,30,33,49,13
09/05/09,12,13,27,32,45,46,18
09/09/09,3,6,17,27,28,44,43
09/12/09,3,12,13,36,46,48,9
09/16/09,6,17,36,41,42,49,1
09/19/09,1,7,23,29,30,33,9
09/23/09,4,8,11,12,34,43,22
09/26/09,5,6,14,18,30,35,2
09/30/09,4,10,29,33,39,46,2
10/03/09,14,19,27,32,45,49,34
10/07/09,2,4,12,24,36,38,16
10/10/09,5,11,12,22,23,26,41
10/14/09,4,17,19,22,24,46,30
10/17/09,8,17,24,34,42,46,5
10/21/09,2,11,29,32,48,49,34
10/24/09,5,13,25,34,36,46,41
10/28/09,18,26,32,34,43,44,37
10/31/09,5,24,31,34,35,44,46
11/04/09,2,7,8,18,20,37,12
11/07/09,12,15,18,25,29,32,14
11/11/09,1,19,23,24,25,43,5
11/14/09,1,9,19,25,31,41,42
11/18/09,2,4,13,24,30,42,9
11/21/09,18,25,35,43,46,47,4
11/25/09,5,10,16,19,33,47,24
11/28/09,17,26,27,28,33,49,43
12/02/09,2,4,24,25,47,48,44
12/05/09,8,10,14,22,28,29,2
12/09/09,1,15,17,26,28,38,44
12/12/09,16,20,26,31,38,49,42
12/16/09,4,22,23,46,48,49,18
12/19/09,12,15,19,41,42,49,48
12/23/09,1,5,9,11,22,38,27
12/26/09,5,14,34,38,40,43,36
12/30/09,5,9,23,30,34,36,24
01/02/10,16,22,25,33,39,48,28
01/06/10,10,12,15,23,26,44,30
01/09/10,7,9,10,27,28,40,42
01/13/10,26,28,30,39,40,48,27
01/16/10,12,21,25,30,41,43,48
01/20/10,13,17,25,40,45,47,42
01/23/10,29,35,36,38,41,43,47
01/27/10,14,17,19,21,40,42,26
01/30/10,2,31,32,34,40,49,5
02/03/10,9,24,29,35,37,40,21
02/06/10,4,12,14,15,21,23,13
02/10/10,13,24,30,32,37,48,49
02/13/10,1,9,23,28,37,39,12
02/17/10,14,16,34,41,45,49,5
02/20/10,13,15,18,20,23,26,17
02/24/10,4,13,18,21,22,42,3
02/27/10,4,6,14,23,25,36,27
03/03/10,10,19,23,24,33,38,21
03/06/10,7,9,14,24,25,44,28
03/10/10,8,12,28,30,38,48,2
03/13/10,3,13,15,28,41,47,40
03/17/10,5,6,21,38,42,45,46
03/20/10,9,11,15,34,35,42,47
03/24/10,5,19,27,32,44,46,25
03/27/10,2,4,9,22,43,44,29
03/31/10,27,28,33,37,48,49,5
04/02/10,1,2,13,17,24,39,34
04/07/10,3,10,13,22,34,43,46
04/10/10,7,9,23,25,27,41,15
04/14/10,9,12,20,28,33,46,10
04/17/10,4,11,12,25,42,43,44
04/21/10,1,7,8,11,28,39,45
04/24/10,3,10,14,36,38,40,23
04/28/10,6,24,27,34,36,42,18
05/01/10,4,7,10,22,25,33,49
05/05/10,12,13,15,31,47,49,28
05/08/10,4,10,21,39,45,48,12
05/12/10,8,9,20,26,28,29,38
05/15/10,3,5,8,15,33,35,14
05/19/10,27,28,35,40,43,48,20
05/22/10,7,8,19,23,30,46,4
05/26/10,12,13,33,43,46,49,48
05/29/10,18,32,40,41,47,49,7
06/02/10,15,19,30,31,34,37,7
06/05/10,30,31,32,34,36,49,9
06/09/10,12,13,25,30,37,41,48
06/12/10,3,11,14,20,41,47,9
06/16/10,2,5,9,20,25,32,30
06/19/10,11,18,27,29,32,39,1
06/23/10,16,18,21,36,46,48,47
06/26/10,1,10,16,25,36,38,29
06/30/10,4,14,24,26,34,43,1
07/03/10,9,12,19,29,38,47,18
07/07/10,3,8,18,34,44,49,30
07/10/10,13,14,16,28,34,42,26
7/14/10,4,17,20,31,36,40,37
7/17/10,24,26,28,37,43,48,8
7/21/10,13,14,15,17,28,36,29
7/24/10,3,6,26,32,43,49,29
7/28/10,2,15,27,30,34,36,31
7/31/10,1,35,38,40,47,48,29
8/4/10,5,8,13,22,35,40,9
8/7/10,10,14,18,41,42,47,16
8/11/10,3,10,12,20,26,27,47
8/14/10,9,20,22,23,26,44,5
8/18/10,3,7,12,25,28,37,16
8/21/10,7,10,15,26,36,41,21
8/25/10,5,8,20,26,31,36,15
8/28/10,1,4,7,25,30,45,6
9/1/10,13,32,35,39,46,48,5
9/4/10,3,9,15,19,32,46,27
9/8/10,4,6,11,45,46,47,48
9/11/10,3,9,11,13,27,45,5
9/15/10,6,11,21,26,34,41,24
9/18/10,1,14,17,19,40,42,30
9/22/10,13,19,29,30,33,49,5
9/25/10,7,11,15,30,31,45,23
9/29/10,1,7,19,31,35,44,36
10/2/10,7,13,18,23,26,27,46
10/6/10,10,20,24,32,37,47,49
10/9/10,1,8,15,36,38,49,16
10/13/10,2,3,23,29,34,36,17
10/16/10,20,28,32,36,42,46,21
10/20/10,9,10,14,15,19,29,35
10/23/10,2,13,21,22,40,44,37
10/27/10,2,16,20,23,33,43,6
10/30/10,10,15,24,29,35,38,8
11/3/10,10,11,16,19,28,40,8
11/6/10,1,11,13,17,23,31,27
11/10/10,4,5,17,30,36,38,45
11/13/10,5,15,37,35,38,47,23
11/17/10,3,12,14,16,29,38,23
11/20/10,1,10,13,23,41,43,39
11/24/10,5,11,26,28,35,46,49
11/27/10,9,26,30,31,39,43,14
12/1/10,2,11,12,29,40,42,35
12/4/10,9,12,16,24,25,38,31
12/8/10,1,6,7,8,22,46,17
12/11/10,2,7,13,17,27,41,8
12/15/10,1,5,8,11,29,33,36
12/18/10,5,7,13,33,37,39,44
12/22/10,3,5,10,11,35,45,33
12/25/10,2,12,23,26,27,31,20
12/29/10,6,11,19,21,39,49,28
1/1/11,8,15,39,44,45,49,29
1/5/11,1,3,8,12,32,47,19
1/9/11,5,6,11,16,24,40,10
1/12/11,4,9,15,27,28,46,18
1/15/11,10,15,35,42,44,47,39
01/19/11,7,13,18,21,23,24,48
01/22/11,4,5,9,12,33,36,38
01/26/11,4,6,22,24,31,40,33
01/29/11,3,4,16,35,40,44,32
02/02/11,4,11,18,27,28,46,39
02/05/11,20,25,32,39,40,44,48
02/09/11,17,19,21,33,34,46,47
02/12/11,3,15,22,31,43,47,42
02/16/11,10,15,29,30,38,39,5
02/19/11,10,16,20,26,34,48,40
02/23/11,5,6,15,24,35,48,39
02/26/11,3,16,17,31,33,46,37
03/02/11,27,28,31,41,42,43,46
03/05/11,19,21,27,33,36,38,3
03/09/11,4,7,18,21,41,46,37
03/12/11,6,9,17,23,26,36,42
03/16/11,1,3,15,19,36,37,2
03/19/11,7,25,28,31,36,45,49
03/23/11,5,10,11,21,24,43,32
03/26/11,4,6,21,22,42,43,12
03/30/11,8,15,17,29,36,44,16
04/02/11,16,21,26,28,45,46,49
4/6/11,1,3,23,26,35,38,11
4/9/11,17,23,24,40,45,48,18
4/13/11,3,8,15,20,26,45,12
4/16/11,5,7,11,12,33,39,28
4/20/11,12,15,33,34,38,43,30
4/23/11,1,8,18,27,35,45,47
4/27/11,3,8,31,42,44,48,33
4/30/11,1,6,7,24,30,48,4
5/4/11,8,9,26,39,46,47,38
5/7/11,2,23,24,27,36,48,16
5/11/11,14,20,30,34,37,45,15
5/14/11,12,29,30,36,39,45,20
5/18/11,1,39,42,45,48,49,29
5/21/11,7,8,17,22,24,30,37
5/25/11,5,32,37,38,39,42,22
5/28/11,11,13,17,21,43,49,5
6/1/11,18,23,27,44,46,47,29
6/4/11,19,20,27,29,33,45,41
6/8/11,7,10,21,22,38,39,11
6/11/11,6,7,8,9,20,28,22
6/15/11,2,4,22,25,28,31,17
6/18/11,4,9,14,21,34,45,25
6/22/11,5,7,16,27,37,49,25
6/25/11,4,17,23,31,45,48,29
6/29/11,3,15,23,33,39,47,41
7/2/11,2,16,30,41,44,48,21
7/6/11,14,25,31,36,44,47,37
7/9/11,4,7,23,31,33,36,22
7/13/11,2,8,28,29,34,44,38
7/16/11,2,12,23,35,39,49,44
7/20/11,2,21,23,30,34,42,46
7/23/11,3,5,11,23,33,34,24
7/27/11,2,3,15,23,41,46,10
7/30/11,6,7,10,19,21,45,16
8/3/11,6,17,21,28,31,38,43
8/6/11,9,21,32,33,37,42,19
8/10/11,9,18,24,27,29,43,5
8/13/11,28,35,42,45,46,49,27
8/17/11,7,18,23,24,27,32,26
8/20/11,6,11,18,20,21,34,47
8/24/11,12,15,18,29,33,46,48
8/27/11,11,14,19,20,21,47,45
8/31/11,11,16,25,35,38,41,37
9/3/11,14,15,25,32,41,42,49
9/7/11,10,15,29,32,34,40,6
9/10/11,17,18,25,31,42,49,28
9/14/11,12,26,28,31,33,45,27
9/17/11,15,17,19,23,27,38,7
9/21/11,1,23,30,38,45,48,3
9/24/11,3,8,15,16,20,46,35
9/28/11,2,14,29,32,41,44,3
10/1/11,8,15,24,25,30,35,13
10/5/11,7,10,13,19,26,29,23
10/8/11,7,13,14,16,22,48,32
10/12/11,6,7,12,20,38,40,43
10/15/11,14,24,27,36,39,42,3
10/19/11,9,14,17,20,44,45,33
10/22/11,8,18,20,30,32,46,22
10/26/11,1,2,38,39,40,49,44
10/29/11,5,8,13,16,40,49,20
11/2/11,3,22,32,40,45,48,4
11/5/11,14,18,22,34,36,43,3
11/9/11,12,30,36,37,40,48,32
11/12/11,3,4,20,34,39,48,2
11/16/11,15,25,28,32,35,42,45
11/19/11,3,4,14,18,28,31,47
11/24/11,10,13,15,30,34,44,21
11/26/11,2,18,23,35,47,48,9
11/30/11,12,15,23,36,43,47,40
12/3/11,8,24,34,38,41,42,22
12/7/11,6,8,24,27,31,41,48
12/10/11,3,7,15,35,36,40,13
12/14/11,13,20,22,29,32,33,16
12/17/11,3,5,34,27,38,46,42
12/21/11,12,16,19,34,41,47,20
12/24/11,1,18,25,26,36,39,29
12/28/11,1,22,28,38,47,48,29
12/31/11,2,11,21,28,31,44,36
1/4/12,1,8,11,21,24,41,45
1/7/12,6,8,11,25,28,45,7
1/11/12,9,10,11,18,39,45,23
1/14/12,1,3,7,11,38,40,37
1/18/12,4,7,10,27,37,49,44
1/21/12,9,11,31,34,48,49,41
1/25/12,2,4,18,22,43,47,46
1/28/12,5,6,17,39,44,48,29
2/1/12,2,17,23,25,43,46,47
2/4/12,8,10,12,22,26,28,24
2/8/10,7,22,23,26,40,48,39
2/11/12,6,13,19,32,43,44,9
2/15/12,3,19,21,41,43,47,9
2/18/12,4,12,14,21,22,37,28
2/22/12,1,12,22,35,42,44,40
2/25/12,2,22,30,33,35,42,14
2/29/12,5,6,8,9,11,40,28
3/3/12,9,19,20,31,41,45,42
3/7/12,5,7,39,41,45,46,25
3/10/12,4,17,25,26,39,49,10
3/14/12,6,9,11,12,19,20,47
3/17/12,1,2,9,15,17,37,30
3/21/12,23,27,32,37,38,45,35
3/24/12,11,20,23,28,40,45,14
3/28/12,5,10,12,18,25,45,15
3/31/12,33,35,36,39,48,49,42
4/4/12,18,23,25,26,45,48,16
4/7/12,2,13,16,32,39,44,27
4/11/12,1,2,16,24,36,49,33
4/14/12,14,16,18,20,26,47,13
4/18/12,6,10,11,16,32,36,42
4/21/12,2,8,10,20,28,38,29
4/25/12,15,18,26,33,36,39,35
4/28/12,9,21,22,42,44,48,28
